"DATE"	"VALUE"
"1992-01-31"	4.1875
"1992-02-03"	4.1875
"1992-02-04"	4.13281
"1992-02-05"	4.125
"1992-02-06"	4.0625
"1992-02-07"	4.125
"1992-02-10"	4
"1992-02-11"	4
"1992-02-12"	4
"1992-02-13"	4
"1992-02-14"	4.125
"1992-02-17"	4.1875
"1992-02-18"	4.1875
"1992-02-19"	4.25
"1992-02-20"	4.25
"1992-02-21"	4.25
"1992-02-24"	4.3125
"1992-02-25"	4.25
"1992-02-26"	4.1875
"1992-02-27"	4.25
"1992-02-28"	4.25
"1992-03-02"	4.25
"1992-03-03"	4.3125
"1992-03-04"	4.3125
"1992-03-05"	4.375
"1992-03-06"	4.375
"1992-03-09"	4.375
"1992-03-10"	4.3125
"1992-03-11"	4.3125
"1992-03-12"	4.375
"1992-03-13"	4.375
"1992-03-16"	4.375
"1992-03-17"	4.375
"1992-03-18"	4.375
"1992-03-19"	4.375
"1992-03-20"	4.375
"1992-03-23"	4.375
"1992-03-24"	4.375
"1992-03-25"	4.3125
"1992-03-26"	4.25
"1992-03-27"	4.3125
"1992-03-30"	4.25
"1992-03-31"	4.25
"1992-04-01"	4.25
"1992-04-02"	4.25
"1992-04-03"	4.25
"1992-04-06"	4.25
"1992-04-07"	4.20313
"1992-04-08"	4.1875
"1992-04-09"	4.1875
"1992-04-10"	4
"1992-04-13"	4.0625
"1992-04-14"	4.0625
"1992-04-15"	4.07031
"1992-04-16"	4.0625
"1992-04-21"	4.125
"1992-04-22"	4.10938
"1992-04-23"	4.03125
"1992-04-24"	4
"1992-04-27"	3.9375
"1992-04-28"	4
"1992-04-29"	3.9375
"1992-04-30"	3.9375
"1992-05-01"	3.9375
"1992-05-05"	3.9375
"1992-05-06"	3.875
"1992-05-07"	3.84375
"1992-05-08"	3.75
"1992-05-11"	3.8125
"1992-05-12"	3.8125
"1992-05-13"	3.8125
"1992-05-14"	3.8125
"1992-05-15"	3.875
"1992-05-18"	3.875
"1992-05-19"	3.875
"1992-05-20"	3.8125
"1992-05-21"	3.875
"1992-05-22"	3.9375
"1992-05-26"	3.9375
"1992-05-27"	4
"1992-05-28"	4
"1992-05-29"	4
"1992-06-01"	4
"1992-06-02"	4
"1992-06-03"	4
"1992-06-04"	4
"1992-06-05"	4
"1992-06-08"	3.9375
"1992-06-09"	3.9375
"1992-06-10"	3.9375
"1992-06-11"	3.9375
"1992-06-12"	3.9375
"1992-06-15"	3.9375
"1992-06-16"	3.9375
"1992-06-17"	3.875
"1992-06-18"	3.875
"1992-06-19"	3.875
"1992-06-22"	3.9375
"1992-06-23"	3.9375
"1992-06-24"	3.9375
"1992-06-25"	3.88281
"1992-06-26"	3.88281
"1992-06-29"	3.9375
"1992-06-30"	3.9375
"1992-07-01"	3.9375
"1992-07-02"	3.875
"1992-07-03"	3.5625
"1992-07-06"	3.5625
"1992-07-07"	3.5
"1992-07-08"	3.4375
"1992-07-09"	3.4375
"1992-07-10"	3.4375
"1992-07-13"	3.4375
"1992-07-14"	3.4375
"1992-07-15"	3.4375
"1992-07-16"	3.375
"1992-07-17"	3.375
"1992-07-20"	3.375
"1992-07-21"	3.375
"1992-07-22"	3.375
"1992-07-23"	3.39844
"1992-07-24"	3.38281
"1992-07-27"	3.375
"1992-07-28"	3.375
"1992-07-29"	3.375
"1992-07-30"	3.375
"1992-07-31"	3.375
"1992-08-03"	3.4375
"1992-08-04"	3.4375
"1992-08-05"	3.4375
"1992-08-06"	3.4375
"1992-08-07"	3.4375
"1992-08-10"	3.375
"1992-08-11"	3.375
"1992-08-12"	3.375
"1992-08-13"	3.375
"1992-08-14"	3.375
"1992-08-17"	3.375
"1992-08-18"	3.375
"1992-08-19"	3.375
"1992-08-20"	3.375
"1992-08-21"	3.375
"1992-08-24"	3.375
"1992-08-25"	3.4375
"1992-08-26"	3.4375
"1992-08-27"	3.46875
"1992-08-28"	3.48438
"1992-09-01"	3.5
"1992-09-02"	3.4375
"1992-09-03"	3.4375
"1992-09-04"	3.4375
"1992-09-07"	3.25
"1992-09-08"	3.1875
"1992-09-09"	3.1875
"1992-09-10"	3.1875
"1992-09-11"	3.1875
"1992-09-14"	3.125
"1992-09-15"	3.125
"1992-09-16"	3.1875
"1992-09-17"	3.1875
"1992-09-18"	3.25
"1992-09-21"	3.25
"1992-09-22"	3.3125
"1992-09-23"	3.375
"1992-09-24"	3.375
"1992-09-25"	3.3125
"1992-09-28"	3.25
"1992-09-29"	3.1875
"1992-09-30"	3.1875
"1992-10-01"	3.1875
"1992-10-02"	3
"1992-10-05"	3.125
"1992-10-06"	3.0625
"1992-10-07"	3.125
"1992-10-08"	3.1875
"1992-10-09"	3.1875
"1992-10-12"	3.1875
"1992-10-13"	3.25
"1992-10-14"	3.3125
"1992-10-15"	3.25
"1992-10-16"	3.25
"1992-10-19"	3.25
"1992-10-20"	3.375
"1992-10-21"	3.3125
"1992-10-22"	3.25
"1992-10-23"	3.25
"1992-10-26"	3.3125
"1992-10-27"	3.3125
"1992-10-28"	3.25
"1992-10-29"	3.25
"1992-10-30"	3.25
"1992-11-02"	3.25
"1992-11-03"	3.25
"1992-11-04"	3.21094
"1992-11-05"	3.19531
"1992-11-06"	3.1875
"1992-11-09"	3.25
"1992-11-10"	3.28906
"1992-11-11"	3.25
"1992-11-12"	3.25
"1992-11-13"	3.25
"1992-11-16"	3.25
"1992-11-17"	3.26563
"1992-11-18"	3.25
"1992-11-19"	3.1875
"1992-11-20"	3.1875
"1992-11-23"	3.1875
"1992-11-24"	3.1875
"1992-11-25"	3.17188
"1992-11-26"	3.1875
"1992-11-27"	4.125
"1992-11-30"	4.25
"1992-12-01"	4.25
"1992-12-02"	4.14844
"1992-12-03"	4.125
"1992-12-04"	4.0625
"1992-12-07"	4
"1992-12-08"	3.875
"1992-12-09"	3.75
"1992-12-10"	3.75
"1992-12-11"	3.6875
"1992-12-14"	3.6875
"1992-12-15"	3.6875
"1992-12-16"	3.625
"1992-12-17"	3.5625
"1992-12-18"	3.54688
"1992-12-21"	3.4375
"1992-12-22"	3.4375
"1992-12-23"	3.4375
"1992-12-24"	3.4375
"1992-12-29"	3.5
"1992-12-30"	3.3125
"1992-12-31"	3.3125
"1993-01-04"	3.3125
"1993-01-05"	3.27344
"1993-01-06"	3.25781
"1993-01-07"	3.25
"1993-01-08"	3.28906
"1993-01-11"	3.25
"1993-01-12"	3.25
"1993-01-13"	3.25
"1993-01-14"	3.25
"1993-01-15"	3.1875
"1993-01-18"	3.1875
"1993-01-19"	3.1875
"1993-01-20"	3.1875
"1993-01-21"	3.1875
"1993-01-22"	3.1875
"1993-01-25"	3.1875
"1993-01-26"	3.1875
"1993-01-27"	3.1875
"1993-01-28"	3.1875
"1993-01-29"	3.125
"1993-02-01"	3.125
"1993-02-02"	3.1875
"1993-02-03"	3.1875
"1993-02-04"	3.1875
"1993-02-05"	3.16406
"1993-02-08"	3.15625
"1993-02-09"	3.16406
"1993-02-10"	3.15625
"1993-02-11"	3.17188
"1993-02-12"	3.15625
"1993-02-15"	3.125
"1993-02-16"	3.125
"1993-02-17"	3.125
"1993-02-18"	3.125
"1993-02-19"	3.125
"1993-02-22"	3.125
"1993-02-23"	3.125
"1993-02-24"	3.125
"1993-02-25"	3.1875
"1993-02-26"	3.1875
"1993-03-01"	3.1875
"1993-03-02"	3.1875
"1993-03-03"	3.1875
"1993-03-04"	3.1875
"1993-03-05"	3.1875
"1993-03-08"	3.1875
"1993-03-09"	3.1875
"1993-03-10"	3.1875
"1993-03-11"	3.1875
"1993-03-12"	3.1875
"1993-03-15"	3.1875
"1993-03-16"	3.1875
"1993-03-17"	3.1875
"1993-03-18"	3.1875
"1993-03-19"	3.1875
"1993-03-22"	3.1875
"1993-03-23"	3.1875
"1993-03-24"	3.1875
"1993-03-25"	3.1875
"1993-03-26"	3.1875
"1993-03-29"	3.1875
"1993-03-30"	3.1875
"1993-03-31"	3.1875
"1993-04-01"	3.1875
"1993-04-02"	3.1875
"1993-04-05"	3.1875
"1993-04-06"	3.1875
"1993-04-07"	3.1875
"1993-04-08"	3.1875
"1993-04-13"	3.1875
"1993-04-14"	3.1875
"1993-04-15"	3.1875
"1993-04-16"	3.1875
"1993-04-19"	3.1875
"1993-04-20"	3.1875
"1993-04-21"	3.14844
"1993-04-22"	3.125
"1993-04-23"	3.125
"1993-04-26"	3.125
"1993-04-27"	3.125
"1993-04-28"	3.125
"1993-04-29"	3.125
"1993-04-30"	3.125
"1993-05-04"	3.125
"1993-05-05"	3.125
"1993-05-06"	3.125
"1993-05-07"	3.125
"1993-05-10"	3.125
"1993-05-11"	3.125
"1993-05-12"	3.125
"1993-05-13"	3.125
"1993-05-14"	3.125
"1993-05-17"	3.13281
"1993-05-18"	3.14844
"1993-05-19"	3.14063
"1993-05-20"	3.125
"1993-05-21"	3.125
"1993-05-24"	3.1875
"1993-05-25"	3.1875
"1993-05-26"	3.1875
"1993-05-27"	3.1875
"1993-05-28"	3.25
"1993-06-01"	3.25
"1993-06-02"	3.1875
"1993-06-03"	3.1875
"1993-06-04"	3.1875
"1993-06-07"	3.25
"1993-06-08"	3.25
"1993-06-09"	3.25
"1993-06-10"	3.25
"1993-06-11"	3.25
"1993-06-14"	3.1875
"1993-06-15"	3.1875
"1993-06-16"	3.1875
"1993-06-17"	3.1875
"1993-06-18"	3.1875
"1993-06-21"	3.1875
"1993-06-22"	3.1875
"1993-06-23"	3.25
"1993-06-24"	3.25
"1993-06-25"	3.21094
"1993-06-28"	3.19531
"1993-06-29"	3.1875
"1993-06-30"	3.1875
"1993-07-01"	3.1875
"1993-07-02"	3.1875
"1993-07-05"	3.1875
"1993-07-06"	3.125
"1993-07-07"	3.1875
"1993-07-08"	3.1875
"1993-07-09"	3.1875
"1993-07-12"	3.1875
"1993-07-13"	3.1875
"1993-07-14"	3.1875
"1993-07-15"	3.15625
"1993-07-16"	3.125
"1993-07-19"	3.125
"1993-07-20"	3.125
"1993-07-21"	3.125
"1993-07-22"	3.1875
"1993-07-23"	3.1875
"1993-07-26"	3.1875
"1993-07-27"	3.1875
"1993-07-28"	3.1875
"1993-07-29"	3.1875
"1993-07-30"	3.1875
"1993-08-02"	3.1875
"1993-08-03"	3.1875
"1993-08-04"	3.1875
"1993-08-05"	3.1875
"1993-08-06"	3.1875
"1993-08-09"	3.1875
"1993-08-10"	3.1875
"1993-08-11"	3.1875
"1993-08-12"	3.1875
"1993-08-13"	3.1875
"1993-08-16"	3.1875
"1993-08-17"	3.1875
"1993-08-18"	3.1875
"1993-08-19"	3.1875
"1993-08-20"	3.1875
"1993-08-23"	3.1875
"1993-08-24"	3.1875
"1993-08-25"	3.1875
"1993-08-26"	3.1875
"1993-08-27"	3.1875
"1993-08-31"	3.1875
"1993-09-01"	3.1875
"1993-09-02"	3.1875
"1993-09-03"	3.1875
"1993-09-06"	3.125
"1993-09-07"	3.125
"1993-09-08"	3.125
"1993-09-09"	3.125
"1993-09-10"	3.125
"1993-09-13"	3.125
"1993-09-14"	3.125
"1993-09-15"	3.14844
"1993-09-16"	3.1875
"1993-09-17"	3.1875
"1993-09-20"	3.1875
"1993-09-21"	3.1875
"1993-09-22"	3.1875
"1993-09-23"	3.1875
"1993-09-24"	3.1875
"1993-09-27"	3.1875
"1993-09-28"	3.1875
"1993-09-29"	3.1875
"1993-09-30"	3.1875
"1993-10-01"	3.1875
"1993-10-04"	3.1875
"1993-10-05"	3.1875
"1993-10-06"	3.1875
"1993-10-07"	3.1875
"1993-10-08"	3.1875
"1993-10-11"	3.1875
"1993-10-12"	3.1875
"1993-10-13"	3.1875
"1993-10-14"	3.1875
"1993-10-15"	3.1875
"1993-10-18"	3.1875
"1993-10-19"	3.1875
"1993-10-20"	3.1875
"1993-10-21"	3.1875
"1993-10-22"	3.1875
"1993-10-25"	3.1875
"1993-10-26"	3.1875
"1993-10-27"	3.1875
"1993-10-28"	3.1875
"1993-10-29"	3.1875
"1993-11-01"	3.1875
"1993-11-02"	3.1875
"1993-11-03"	3.1875
"1993-11-04"	3.1875
"1993-11-05"	3.1875
"1993-11-08"	3.1875
"1993-11-09"	3.1875
"1993-11-10"	3.1875
"1993-11-11"	3.1875
"1993-11-12"	3.1875
"1993-11-15"	3.1875
"1993-11-16"	3.13281
"1993-11-17"	3.125
"1993-11-18"	3.125
"1993-11-19"	3.15625
"1993-11-22"	3.1875
"1993-11-23"	3.1875
"1993-11-24"	3.17188
"1993-11-25"	3.14844
"1993-11-26"	3.13281
"1993-11-29"	3.5625
"1993-11-30"	3.5625
"1993-12-01"	3.5625
"1993-12-02"	3.5
"1993-12-03"	3.5
"1993-12-06"	3.5
"1993-12-07"	3.44531
"1993-12-08"	3.38281
"1993-12-09"	3.375
"1993-12-10"	3.3125
"1993-12-13"	3.3125
"1993-12-14"	3.3125
"1993-12-15"	3.25781
"1993-12-16"	3.25
"1993-12-17"	3.19531
"1993-12-20"	3.19531
"1993-12-21"	3.22656
"1993-12-22"	3.25
"1993-12-23"	3.25
"1993-12-24"	3.25781
"1993-12-29"	3.28125
"1993-12-30"	3.25
"1993-12-31"	3.25
"1994-01-04"	3.25
"1994-01-05"	3.25
"1994-01-06"	3.25
"1994-01-07"	3.1875
"1994-01-10"	3.125
"1994-01-11"	3.125
"1994-01-12"	3.125
"1994-01-13"	3.125
"1994-01-14"	3.125
"1994-01-17"	3.125
"1994-01-18"	3.125
"1994-01-19"	3.125
"1994-01-20"	3.125
"1994-01-21"	3.125
"1994-01-24"	3.125
"1994-01-25"	3.125
"1994-01-26"	3.125
"1994-01-27"	3.125
"1994-01-28"	3.125
"1994-01-31"	3.125
"1994-02-01"	3.125
"1994-02-02"	3.1875
"1994-02-03"	3.1875
"1994-02-04"	3.25
"1994-02-07"	3.375
"1994-02-08"	3.375
"1994-02-09"	3.375
"1994-02-10"	3.375
"1994-02-11"	3.375
"1994-02-14"	3.375
"1994-02-15"	3.4375
"1994-02-16"	3.4375
"1994-02-17"	3.4375
"1994-02-18"	3.4375
"1994-02-21"	3.4375
"1994-02-22"	3.4375
"1994-02-23"	3.4375
"1994-02-24"	3.5
"1994-02-25"	3.57813
"1994-02-28"	3.5625
"1994-03-01"	3.5625
"1994-03-02"	3.625
"1994-03-03"	3.5625
"1994-03-04"	3.625
"1994-03-07"	3.625
"1994-03-08"	3.625
"1994-03-09"	3.625
"1994-03-10"	3.5625
"1994-03-11"	3.57813
"1994-03-14"	3.5625
"1994-03-15"	3.5625
"1994-03-16"	3.5625
"1994-03-17"	3.5625
"1994-03-18"	3.5625
"1994-03-21"	3.625
"1994-03-22"	3.70313
"1994-03-23"	3.6875
"1994-03-24"	3.6875
"1994-03-25"	3.6875
"1994-03-28"	3.6875
"1994-03-29"	3.6875
"1994-03-30"	3.6875
"1994-03-31"	3.6875
"1994-04-05"	3.82031
"1994-04-06"	3.75
"1994-04-07"	3.75
"1994-04-08"	3.75
"1994-04-11"	3.75
"1994-04-12"	3.75
"1994-04-13"	3.75
"1994-04-14"	3.75
"1994-04-15"	3.75
"1994-04-18"	3.75
"1994-04-19"	3.9375
"1994-04-20"	3.9375
"1994-04-21"	3.9375
"1994-04-22"	3.89844
"1994-04-25"	3.875
"1994-04-26"	3.92188
"1994-04-27"	3.9375
"1994-04-28"	3.9375
"1994-04-29"	4
"1994-05-03"	4.0625
"1994-05-04"	4.0625
"1994-05-05"	4.125
"1994-05-06"	4.1875
"1994-05-09"	4.4375
"1994-05-10"	4.5
"1994-05-11"	4.4375
"1994-05-12"	4.4375
"1994-05-13"	4.4375
"1994-05-16"	4.375
"1994-05-17"	4.375
"1994-05-18"	4.375
"1994-05-19"	4.375
"1994-05-20"	4.3125
"1994-05-23"	4.3125
"1994-05-24"	4.375
"1994-05-25"	4.375
"1994-05-26"	4.375
"1994-05-27"	4.375
"1994-05-31"	4.375
"1994-06-01"	4.375
"1994-06-02"	4.375
"1994-06-03"	4.375
"1994-06-06"	4.3125
"1994-06-07"	4.3125
"1994-06-08"	4.3125
"1994-06-09"	4.3125
"1994-06-10"	4.3125
"1994-06-13"	4.3125
"1994-06-14"	4.375
"1994-06-15"	4.3125
"1994-06-16"	4.3125
"1994-06-17"	4.3125
"1994-06-20"	4.3125
"1994-06-21"	4.375
"1994-06-22"	4.4375
"1994-06-23"	4.375
"1994-06-24"	4.4375
"1994-06-27"	4.5
"1994-06-28"	4.5
"1994-06-29"	4.5625
"1994-06-30"	4.5625
"1994-07-01"	4.625
"1994-07-04"	4.625
"1994-07-05"	4.625
"1994-07-06"	4.625
"1994-07-07"	4.5625
"1994-07-08"	4.5625
"1994-07-11"	4.625
"1994-07-12"	4.63281
"1994-07-13"	4.625
"1994-07-14"	4.625
"1994-07-15"	4.5625
"1994-07-18"	4.5
"1994-07-19"	4.5
"1994-07-20"	4.4375
"1994-07-21"	4.5
"1994-07-22"	4.5
"1994-07-25"	4.5
"1994-07-26"	4.5
"1994-07-27"	4.5
"1994-07-28"	4.5
"1994-07-29"	4.5
"1994-08-01"	4.5
"1994-08-02"	4.5
"1994-08-03"	4.5
"1994-08-04"	4.5
"1994-08-05"	4.5
"1994-08-08"	4.5625
"1994-08-09"	4.5625
"1994-08-10"	4.5625
"1994-08-11"	4.5625
"1994-08-12"	4.6875
"1994-08-15"	4.6875
"1994-08-16"	4.75
"1994-08-17"	4.8125
"1994-08-18"	4.8125
"1994-08-19"	4.8125
"1994-08-22"	4.8125
"1994-08-23"	4.8125
"1994-08-24"	4.8125
"1994-08-25"	4.8125
"1994-08-26"	4.8125
"1994-08-30"	4.875
"1994-08-31"	4.875
"1994-09-01"	4.875
"1994-09-02"	4.875
"1994-09-05"	4.875
"1994-09-06"	4.875
"1994-09-07"	4.875
"1994-09-08"	4.875
"1994-09-09"	4.875
"1994-09-12"	4.875
"1994-09-13"	4.875
"1994-09-14"	4.875
"1994-09-15"	4.875
"1994-09-16"	4.88281
"1994-09-19"	4.875
"1994-09-20"	4.875
"1994-09-21"	4.9375
"1994-09-22"	5.05469
"1994-09-23"	5.05469
"1994-09-26"	5.0625
"1994-09-27"	5.0625
"1994-09-28"	5
"1994-09-29"	5
"1994-09-30"	5.05469
"1994-10-03"	5.0625
"1994-10-04"	5.125
"1994-10-05"	5.125
"1994-10-06"	5.19531
"1994-10-07"	5.25
"1994-10-10"	5.1875
"1994-10-11"	5.1875
"1994-10-12"	5.125
"1994-10-13"	5.125
"1994-10-14"	5.0625
"1994-10-17"	5
"1994-10-18"	5
"1994-10-19"	5
"1994-10-20"	4.9375
"1994-10-21"	5
"1994-10-24"	5
"1994-10-25"	5
"1994-10-26"	5
"1994-10-27"	5
"1994-10-28"	5.0625
"1994-10-31"	5.0625
"1994-11-01"	5.0625
"1994-11-02"	5.125
"1994-11-03"	5.125
"1994-11-04"	5.1875
"1994-11-07"	5.3125
"1994-11-08"	5.3125
"1994-11-09"	5.3125
"1994-11-10"	5.33594
"1994-11-11"	5.375
"1994-11-14"	5.375
"1994-11-15"	5.4375
"1994-11-16"	5.61719
"1994-11-17"	5.625
"1994-11-18"	5.625
"1994-11-21"	5.625
"1994-11-22"	5.625
"1994-11-23"	5.625
"1994-11-24"	5.625
"1994-11-25"	5.625
"1994-11-28"	5.625
"1994-11-29"	6
"1994-11-30"	6.0625
"1994-12-01"	6.0625
"1994-12-02"	6.125
"1994-12-05"	6.125
"1994-12-06"	6.1875
"1994-12-07"	6.125
"1994-12-08"	6.125
"1994-12-09"	6.125
"1994-12-12"	6.125
"1994-12-13"	6.1875
"1994-12-14"	6.1875
"1994-12-15"	6.125
"1994-12-16"	6.125
"1994-12-19"	6.125
"1994-12-20"	6.0625
"1994-12-21"	5.9375
"1994-12-22"	5.9375
"1994-12-23"	6
"1994-12-28"	6.125
"1994-12-29"	5.97656
"1994-12-30"	6
"1995-01-03"	5.9375
"1995-01-04"	5.9375
"1995-01-05"	5.89844
"1995-01-06"	5.875
"1995-01-09"	5.875
"1995-01-10"	5.875
"1995-01-11"	5.875
"1995-01-12"	5.8125
"1995-01-13"	5.8125
"1995-01-16"	5.75
"1995-01-17"	5.75
"1995-01-18"	5.875
"1995-01-19"	6
"1995-01-20"	6
"1995-01-23"	6
"1995-01-24"	6
"1995-01-25"	6.0625
"1995-01-26"	6
"1995-01-27"	6
"1995-01-30"	6.0625
"1995-01-31"	6.09375
"1995-02-01"	6.125
"1995-02-02"	6.125
"1995-02-03"	6.125
"1995-02-06"	6.10938
"1995-02-07"	6.125
"1995-02-08"	6.125
"1995-02-09"	6.09375
"1995-02-10"	6.09375
"1995-02-13"	6.125
"1995-02-14"	6.125
"1995-02-15"	6.125
"1995-02-16"	6.125
"1995-02-17"	6.125
"1995-02-20"	6.125
"1995-02-21"	6.125
"1995-02-22"	6.11719
"1995-02-23"	6.0625
"1995-02-24"	6.08594
"1995-02-27"	6.125
"1995-02-28"	6.125
"1995-03-01"	6.125
"1995-03-02"	6.125
"1995-03-03"	6.125
"1995-03-06"	6.125
"1995-03-07"	6.125
"1995-03-08"	6.125
"1995-03-09"	6.125
"1995-03-10"	6.125
"1995-03-13"	6.125
"1995-03-14"	6.125
"1995-03-15"	6.125
"1995-03-16"	6.125
"1995-03-17"	6.125
"1995-03-20"	6.125
"1995-03-21"	6.125
"1995-03-22"	6.125
"1995-03-23"	6.125
"1995-03-24"	6.125
"1995-03-27"	6.125
"1995-03-28"	6.125
"1995-03-29"	6.125
"1995-03-30"	6.125
"1995-03-31"	6.125
"1995-04-03"	6.1875
"1995-04-04"	6.1875
"1995-04-05"	6.125
"1995-04-06"	6.125
"1995-04-07"	6.125
"1995-04-10"	6.125
"1995-04-11"	6.125
"1995-04-12"	6.125
"1995-04-13"	6.125
"1995-04-18"	6.125
"1995-04-19"	6.125
"1995-04-20"	6.125
"1995-04-21"	6.0625
"1995-04-24"	6.0625
"1995-04-25"	6.0625
"1995-04-26"	6.0625
"1995-04-27"	6.0625
"1995-04-28"	6.0625
"1995-05-01"	6.0625
"1995-05-02"	6.0625
"1995-05-03"	6.0625
"1995-05-04"	6.0625
"1995-05-05"	6.0625
"1995-05-09"	6.0625
"1995-05-10"	6.0625
"1995-05-11"	6.0625
"1995-05-12"	6.0625
"1995-05-15"	6.0625
"1995-05-16"	6.0625
"1995-05-17"	6.0625
"1995-05-18"	6.0625
"1995-05-19"	6.0625
"1995-05-22"	6.0625
"1995-05-23"	6.0625
"1995-05-24"	6.0625
"1995-05-25"	6.0625
"1995-05-26"	6.0625
"1995-05-30"	6.0625
"1995-05-31"	6.0625
"1995-06-01"	6.0625
"1995-06-02"	6.05469
"1995-06-05"	6
"1995-06-06"	6.00781
"1995-06-07"	6.00781
"1995-06-08"	6.0625
"1995-06-09"	6.0625
"1995-06-12"	6.07031
"1995-06-13"	6.0625
"1995-06-14"	6.0625
"1995-06-15"	6.0625
"1995-06-16"	6.0625
"1995-06-19"	6.0625
"1995-06-20"	6.0625
"1995-06-21"	6.0625
"1995-06-22"	6.0625
"1995-06-23"	6.0625
"1995-06-26"	6.0625
"1995-06-27"	6.0625
"1995-06-28"	6.11719
"1995-06-29"	6.06641
"1995-06-30"	6.125
"1995-07-03"	6.125
"1995-07-04"	6.125
"1995-07-05"	6.0625
"1995-07-06"	6.0625
"1995-07-07"	5.875
"1995-07-10"	5.87891
"1995-07-11"	5.90625
"1995-07-12"	5.87891
"1995-07-13"	5.875
"1995-07-14"	5.875
"1995-07-17"	5.875
"1995-07-18"	5.875
"1995-07-19"	5.875
"1995-07-20"	5.875
"1995-07-21"	5.875
"1995-07-24"	5.92188
"1995-07-25"	5.88672
"1995-07-26"	5.875
"1995-07-27"	5.875
"1995-07-28"	5.875
"1995-07-31"	5.875
"1995-08-01"	5.875
"1995-08-02"	5.875
"1995-08-03"	5.875
"1995-08-04"	5.875
"1995-08-07"	5.875
"1995-08-08"	5.875
"1995-08-09"	5.875
"1995-08-10"	5.875
"1995-08-11"	5.875
"1995-08-14"	5.875
"1995-08-15"	5.88281
"1995-08-16"	5.9375
"1995-08-17"	5.9375
"1995-08-18"	5.9375
"1995-08-21"	5.9375
"1995-08-22"	5.9375
"1995-08-23"	5.9375
"1995-08-24"	5.9375
"1995-08-25"	5.875
"1995-08-29"	5.875
"1995-08-30"	5.875
"1995-08-31"	5.875
"1995-09-01"	5.875
"1995-09-04"	5.875
"1995-09-05"	5.875
"1995-09-06"	5.875
"1995-09-07"	5.875
"1995-09-08"	5.875
"1995-09-11"	5.875
"1995-09-12"	5.875
"1995-09-13"	5.875
"1995-09-14"	5.875
"1995-09-15"	5.8125
"1995-09-18"	5.8125
"1995-09-19"	5.8125
"1995-09-20"	5.8125
"1995-09-21"	5.8125
"1995-09-22"	5.83594
"1995-09-25"	5.86719
"1995-09-26"	5.87109
"1995-09-27"	5.875
"1995-09-28"	5.875
"1995-09-29"	5.875
"1995-10-02"	5.875
"1995-10-03"	5.875
"1995-10-04"	5.875
"1995-10-05"	5.875
"1995-10-06"	5.875
"1995-10-09"	5.875
"1995-10-10"	5.875
"1995-10-11"	5.875
"1995-10-12"	5.875
"1995-10-13"	5.875
"1995-10-16"	5.875
"1995-10-17"	5.875
"1995-10-18"	5.875
"1995-10-19"	5.875
"1995-10-20"	5.86719
"1995-10-23"	5.875
"1995-10-24"	5.875
"1995-10-25"	5.87109
"1995-10-26"	5.83594
"1995-10-27"	5.83984
"1995-10-30"	5.83203
"1995-10-31"	5.83203
"1995-11-01"	5.82813
"1995-11-02"	5.81641
"1995-11-03"	5.8125
"1995-11-06"	5.8125
"1995-11-07"	5.8125
"1995-11-08"	5.8125
"1995-11-09"	5.8125
"1995-11-10"	5.8125
"1995-11-13"	5.8125
"1995-11-14"	5.8125
"1995-11-15"	5.8125
"1995-11-16"	5.8125
"1995-11-17"	5.8125
"1995-11-20"	5.8125
"1995-11-21"	5.8125
"1995-11-22"	5.8125
"1995-11-23"	5.8125
"1995-11-24"	5.82422
"1995-11-27"	5.84375
"1995-11-28"	5.85547
"1995-11-29"	5.97266
"1995-11-30"	5.97656
"1995-12-01"	5.9375
"1995-12-04"	5.9375
"1995-12-05"	5.9375
"1995-12-06"	5.9375
"1995-12-07"	5.9375
"1995-12-08"	5.93359
"1995-12-11"	5.92969
"1995-12-12"	5.93359
"1995-12-13"	5.9375
"1995-12-14"	5.9375
"1995-12-15"	5.92969
"1995-12-18"	5.92969
"1995-12-19"	5.92969
"1995-12-20"	5.75
"1995-12-21"	5.75
"1995-12-22"	5.75
"1995-12-27"	5.75
"1995-12-28"	5.6875
"1995-12-29"	5.6875
"1996-01-02"	5.62891
"1996-01-03"	5.625
"1996-01-04"	5.625
"1996-01-05"	5.625
"1996-01-08"	5.625
"1996-01-09"	5.625
"1996-01-10"	5.625
"1996-01-11"	5.625
"1996-01-12"	5.625
"1996-01-15"	5.625
"1996-01-16"	5.625
"1996-01-17"	5.61328
"1996-01-18"	5.59766
"1996-01-19"	5.5625
"1996-01-22"	5.5625
"1996-01-23"	5.5625
"1996-01-24"	5.5625
"1996-01-25"	5.5625
"1996-01-26"	5.53906
"1996-01-29"	5.5
"1996-01-30"	5.47656
"1996-01-31"	5.4375
"1996-02-01"	5.375
"1996-02-02"	5.375
"1996-02-05"	5.375
"1996-02-06"	5.375
"1996-02-07"	5.36328
"1996-02-08"	5.34375
"1996-02-09"	5.33203
"1996-02-12"	5.3125
"1996-02-13"	5.3125
"1996-02-14"	5.3125
"1996-02-15"	5.3125
"1996-02-16"	5.3125
"1996-02-19"	5.3125
"1996-02-20"	5.3125
"1996-02-21"	5.3125
"1996-02-22"	5.3125
"1996-02-23"	5.3125
"1996-02-26"	5.3125
"1996-02-27"	5.3125
"1996-02-28"	5.3125
"1996-02-29"	5.3125
"1996-03-01"	5.3125
"1996-03-04"	5.3125
"1996-03-05"	5.3125
"1996-03-06"	5.3125
"1996-03-07"	5.3125
"1996-03-08"	5.3125
"1996-03-11"	5.375
"1996-03-12"	5.375
"1996-03-13"	5.375
"1996-03-14"	5.37891
"1996-03-15"	5.38281
"1996-03-18"	5.40625
"1996-03-19"	5.40625
"1996-03-20"	5.41016
"1996-03-21"	5.40234
"1996-03-22"	5.40234
"1996-03-25"	5.41016
"1996-03-26"	5.41016
"1996-03-27"	5.42188
"1996-03-28"	5.4375
"1996-03-29"	5.4375
"1996-04-01"	5.4375
"1996-04-02"	5.4375
"1996-04-03"	5.4375
"1996-04-04"	5.4375
"1996-04-09"	5.5
"1996-04-10"	5.5
"1996-04-11"	5.5
"1996-04-12"	5.5
"1996-04-15"	5.48828
"1996-04-16"	5.47656
"1996-04-17"	5.46484
"1996-04-18"	5.44531
"1996-04-19"	5.44141
"1996-04-22"	5.4375
"1996-04-23"	5.4375
"1996-04-24"	5.4375
"1996-04-25"	5.4375
"1996-04-26"	5.43359
"1996-04-29"	5.4375
"1996-04-30"	5.4375
"1996-05-01"	5.4375
"1996-05-02"	5.4375
"1996-05-03"	5.4375
"1996-05-07"	5.4375
"1996-05-08"	5.4375
"1996-05-09"	5.4375
"1996-05-10"	5.4375
"1996-05-13"	5.42969
"1996-05-14"	5.42969
"1996-05-15"	5.41797
"1996-05-16"	5.42578
"1996-05-17"	5.4375
"1996-05-20"	5.4375
"1996-05-21"	5.4375
"1996-05-22"	5.4375
"1996-05-23"	5.43359
"1996-05-24"	5.42969
"1996-05-28"	5.43359
"1996-05-29"	5.42969
"1996-05-30"	5.4375
"1996-05-31"	5.4375
"1996-06-03"	5.46484
"1996-06-04"	5.45703
"1996-06-05"	5.45703
"1996-06-06"	5.45313
"1996-06-07"	5.4375
"1996-06-10"	5.48047
"1996-06-11"	5.48438
"1996-06-12"	5.48047
"1996-06-13"	5.49609
"1996-06-14"	5.48438
"1996-06-17"	5.46484
"1996-06-18"	5.44922
"1996-06-19"	5.4375
"1996-06-20"	5.46875
"1996-06-21"	5.46484
"1996-06-24"	5.48047
"1996-06-25"	5.48047
"1996-06-26"	5.49219
"1996-06-27"	5.5
"1996-06-28"	5.49609
"1996-07-01"	5.48438
"1996-07-02"	5.49219
"1996-07-03"	5.5
"1996-07-04"	5.47656
"1996-07-05"	5.47656
"1996-07-08"	5.51563
"1996-07-09"	5.50391
"1996-07-10"	5.5
"1996-07-11"	5.49609
"1996-07-12"	5.46875
"1996-07-15"	5.47656
"1996-07-16"	5.47656
"1996-07-17"	5.46875
"1996-07-18"	5.45703
"1996-07-19"	5.4375
"1996-07-22"	5.4375
"1996-07-23"	5.4375
"1996-07-24"	5.4375
"1996-07-25"	5.4375
"1996-07-26"	5.4375
"1996-07-29"	5.45313
"1996-07-30"	5.46875
"1996-07-31"	5.46484
"1996-08-01"	5.44141
"1996-08-02"	5.44141
"1996-08-05"	5.4375
"1996-08-06"	5.43359
"1996-08-07"	5.42969
"1996-08-08"	5.42578
"1996-08-09"	5.42578
"1996-08-12"	5.41406
"1996-08-13"	5.42188
"1996-08-14"	5.41797
"1996-08-15"	5.42969
"1996-08-16"	5.4375
"1996-08-19"	5.42969
"1996-08-20"	5.42969
"1996-08-21"	5.41406
"1996-08-22"	5.40625
"1996-08-23"	5.39844
"1996-08-27"	5.41016
"1996-08-28"	5.40625
"1996-08-29"	5.42188
"1996-08-30"	5.4375
"1996-09-02"	5.4375
"1996-09-03"	5.48047
"1996-09-04"	5.47266
"1996-09-05"	5.47266
"1996-09-06"	5.49219
"1996-09-09"	5.48047
"1996-09-10"	5.48438
"1996-09-11"	5.50391
"1996-09-12"	5.50391
"1996-09-13"	5.49219
"1996-09-16"	5.4375
"1996-09-17"	5.44531
"1996-09-18"	5.48047
"1996-09-19"	5.48828
"1996-09-20"	5.5
"1996-09-23"	5.5
"1996-09-24"	5.53125
"1996-09-25"	5.44531
"1996-09-26"	5.4375
"1996-09-27"	5.4375
"1996-09-30"	5.43359
"1996-10-01"	5.44141
"1996-10-02"	5.43359
"1996-10-03"	5.42188
"1996-10-04"	5.41406
"1996-10-07"	5.38672
"1996-10-08"	5.375
"1996-10-09"	5.38281
"1996-10-10"	5.38281
"1996-10-11"	5.38672
"1996-10-14"	5.375
"1996-10-15"	5.375
"1996-10-16"	5.375
"1996-10-17"	5.37891
"1996-10-18"	5.375
"1996-10-21"	5.375
"1996-10-22"	5.375
"1996-10-23"	5.375
"1996-10-24"	5.375
"1996-10-25"	5.375
"1996-10-28"	5.375
"1996-10-29"	5.375
"1996-10-30"	5.375
"1996-10-31"	5.375
"1996-11-01"	5.375
"1996-11-04"	5.375
"1996-11-05"	5.375
"1996-11-06"	5.375
"1996-11-07"	5.375
"1996-11-08"	5.375
"1996-11-11"	5.375
"1996-11-12"	5.375
"1996-11-13"	5.375
"1996-11-14"	5.375
"1996-11-15"	5.375
"1996-11-18"	5.375
"1996-11-19"	5.375
"1996-11-20"	5.375
"1996-11-21"	5.375
"1996-11-22"	5.375
"1996-11-25"	5.375
"1996-11-26"	5.375
"1996-11-27"	5.375
"1996-11-28"	5.5625
"1996-11-29"	5.5625
"1996-12-02"	5.5625
"1996-12-03"	5.5625
"1996-12-04"	5.5625
"1996-12-05"	5.5625
"1996-12-06"	5.60547
"1996-12-09"	5.59375
"1996-12-10"	5.59766
"1996-12-11"	5.59766
"1996-12-12"	5.60547
"1996-12-13"	5.61719
"1996-12-16"	5.61719
"1996-12-17"	5.625
"1996-12-18"	5.64453
"1996-12-19"	5.65625
"1996-12-20"	5.66016
"1996-12-23"	5.66797
"1996-12-24"	5.66406
"1996-12-27"	5.6875
"1996-12-30"	5.50391
"1996-12-31"	5.5
"1997-01-02"	5.5
"1997-01-03"	5.5
"1997-01-06"	5.49219
"1997-01-07"	5.49219
"1997-01-08"	5.48828
"1997-01-09"	5.48438
"1997-01-10"	5.48047
"1997-01-13"	5.48438
"1997-01-14"	5.47656
"1997-01-15"	5.44922
"1997-01-16"	5.44531
"1997-01-17"	5.44531
"1997-01-20"	5.4375
"1997-01-21"	5.4375
"1997-01-22"	5.4375
"1997-01-23"	5.4375
"1997-01-24"	5.4375
"1997-01-27"	5.4375
"1997-01-28"	5.4375
"1997-01-29"	5.4375
"1997-01-30"	5.4375
"1997-01-31"	5.4375
"1997-02-03"	5.4375
"1997-02-04"	5.4375
"1997-02-05"	5.4375
"1997-02-06"	5.4375
"1997-02-07"	5.4375
"1997-02-10"	5.41406
"1997-02-11"	5.41016
"1997-02-12"	5.41797
"1997-02-13"	5.42188
"1997-02-14"	5.42578
"1997-02-17"	5.38281
"1997-02-18"	5.375
"1997-02-19"	5.375
"1997-02-20"	5.375
"1997-02-21"	5.375
"1997-02-24"	5.375
"1997-02-25"	5.375
"1997-02-26"	5.375
"1997-02-27"	5.4375
"1997-02-28"	5.4375
"1997-03-03"	5.4375
"1997-03-04"	5.4375
"1997-03-05"	5.4375
"1997-03-06"	5.4375
"1997-03-07"	5.4375
"1997-03-10"	5.4375
"1997-03-11"	5.4375
"1997-03-12"	5.4375
"1997-03-13"	5.4375
"1997-03-14"	5.46875
"1997-03-17"	5.47266
"1997-03-18"	5.5
"1997-03-19"	5.5
"1997-03-20"	5.52734
"1997-03-21"	5.625
"1997-03-24"	5.65625
"1997-03-25"	5.66797
"1997-03-26"	5.6875
"1997-03-27"	5.6875
"1997-04-01"	5.6875
"1997-04-02"	5.6875
"1997-04-03"	5.6875
"1997-04-04"	5.6875
"1997-04-07"	5.6875
"1997-04-08"	5.6875
"1997-04-09"	5.6875
"1997-04-10"	5.6875
"1997-04-11"	5.6875
"1997-04-14"	5.6875
"1997-04-15"	5.6875
"1997-04-16"	5.6875
"1997-04-17"	5.6875
"1997-04-18"	5.6875
"1997-04-21"	5.6875
"1997-04-22"	5.6875
"1997-04-23"	5.6875
"1997-04-24"	5.6875
"1997-04-25"	5.6875
"1997-04-28"	5.6875
"1997-04-29"	5.6875
"1997-04-30"	5.6875
"1997-05-01"	5.6875
"1997-05-02"	5.6875
"1997-05-06"	5.6875
"1997-05-07"	5.6875
"1997-05-08"	5.6875
"1997-05-09"	5.6875
"1997-05-12"	5.6875
"1997-05-13"	5.6875
"1997-05-14"	5.6875
"1997-05-15"	5.6875
"1997-05-16"	5.6875
"1997-05-19"	5.71094
"1997-05-20"	5.75
"1997-05-21"	5.6875
"1997-05-22"	5.6875
"1997-05-23"	5.6875
"1997-05-27"	5.6875
"1997-05-28"	5.6875
"1997-05-29"	5.69141
"1997-05-30"	5.6875
"1997-06-02"	6.02344
"1997-06-03"	6.04688
"1997-06-04"	6.03906
"1997-06-05"	6.03125
"1997-06-06"	6.01563
"1997-06-09"	6.0625
"1997-06-10"	6.0625
"1997-06-11"	6.0625
"1997-06-12"	6.0625
"1997-06-13"	6.0625
"1997-06-16"	6.0625
"1997-06-17"	6.03906
"1997-06-18"	6.04688
"1997-06-19"	6
"1997-06-20"	6.01563
"1997-06-23"	6.02344
"1997-06-24"	6.02344
"1997-06-25"	6.02344
"1997-06-26"	6.0625
"1997-06-27"	6.0625
"1997-06-30"	6.0625
"1997-07-01"	5.6875
"1997-07-02"	5.6875
"1997-07-03"	5.6875
"1997-07-04"	5.6875
"1997-07-07"	5.6875
"1997-07-08"	5.6875
"1997-07-09"	5.6875
"1997-07-10"	5.6875
"1997-07-11"	5.67969
"1997-07-14"	5.66797
"1997-07-15"	5.67578
"1997-07-16"	5.67578
"1997-07-17"	5.66406
"1997-07-18"	5.67188
"1997-07-21"	5.67188
"1997-07-22"	5.67188
"1997-07-23"	5.64844
"1997-07-24"	5.64844
"1997-07-25"	5.64844
"1997-07-28"	5.64453
"1997-07-29"	5.625
"1997-07-30"	5.625
"1997-07-31"	5.625
"1997-08-01"	5.625
"1997-08-04"	5.62891
"1997-08-05"	5.62891
"1997-08-06"	5.63281
"1997-08-07"	5.63672
"1997-08-08"	5.63281
"1997-08-11"	5.63281
"1997-08-12"	5.64453
"1997-08-13"	5.65234
"1997-08-14"	5.64453
"1997-08-15"	5.64453
"1997-08-18"	5.63281
"1997-08-19"	5.625
"1997-08-20"	5.62891
"1997-08-21"	5.625
"1997-08-22"	5.625
"1997-08-26"	5.625
"1997-08-27"	5.63281
"1997-08-28"	5.65625
"1997-08-29"	5.65625
"1997-09-01"	5.65625
"1997-09-02"	5.65625
"1997-09-03"	5.65625
"1997-09-04"	5.65625
"1997-09-05"	5.65625
"1997-09-08"	5.65625
"1997-09-09"	5.65625
"1997-09-10"	5.65625
"1997-09-11"	5.65625
"1997-09-12"	5.65625
"1997-09-15"	5.65625
"1997-09-16"	5.65625
"1997-09-17"	5.65625
"1997-09-18"	5.65625
"1997-09-19"	5.65625
"1997-09-22"	5.65625
"1997-09-23"	5.65625
"1997-09-24"	5.65625
"1997-09-25"	5.65625
"1997-09-26"	5.65625
"1997-09-29"	5.65625
"1997-09-30"	5.65625
"1997-10-01"	5.65625
"1997-10-02"	5.65234
"1997-10-03"	5.64844
"1997-10-06"	5.625
"1997-10-07"	5.625
"1997-10-08"	5.625
"1997-10-09"	5.625
"1997-10-10"	5.625
"1997-10-13"	5.625
"1997-10-14"	5.625
"1997-10-15"	5.625
"1997-10-16"	5.625
"1997-10-17"	5.625
"1997-10-20"	5.64844
"1997-10-21"	5.65234
"1997-10-22"	5.65625
"1997-10-23"	5.65625
"1997-10-24"	5.65625
"1997-10-27"	5.65625
"1997-10-28"	5.625
"1997-10-29"	5.65625
"1997-10-30"	5.64063
"1997-10-31"	5.64844
"1997-11-03"	5.65625
"1997-11-04"	5.65625
"1997-11-05"	5.65625
"1997-11-06"	5.65625
"1997-11-07"	5.65625
"1997-11-10"	5.65625
"1997-11-11"	5.6875
"1997-11-12"	5.69531
"1997-11-13"	5.6875
"1997-11-14"	5.6875
"1997-11-17"	5.6875
"1997-11-18"	5.6875
"1997-11-19"	5.6875
"1997-11-20"	5.6875
"1997-11-21"	5.6875
"1997-11-24"	5.6875
"1997-11-25"	5.6875
"1997-11-26"	5.6875
"1997-11-27"	5.96875
"1997-11-28"	5.96875
"1997-12-01"	5.96875
"1997-12-02"	5.99219
"1997-12-03"	6
"1997-12-04"	6
"1997-12-05"	5.96875
"1997-12-08"	6
"1997-12-09"	6
"1997-12-10"	6
"1997-12-11"	5.98047
"1997-12-12"	5.96484
"1997-12-15"	5.96094
"1997-12-16"	5.96094
"1997-12-17"	5.96484
"1997-12-18"	5.96875
"1997-12-19"	5.96875
"1997-12-22"	5.94141
"1997-12-23"	5.96875
"1997-12-24"	6
"1997-12-29"	5.9375
"1997-12-30"	5.72266
"1997-12-31"	5.71875
"1998-01-02"	5.71875
"1998-01-05"	5.69141
"1998-01-06"	5.66797
"1998-01-07"	5.62891
"1998-01-08"	5.62891
"1998-01-09"	5.59766
"1998-01-12"	5.58594
"1998-01-13"	5.59375
"1998-01-14"	5.60938
"1998-01-15"	5.59375
"1998-01-16"	5.61719
"1998-01-19"	5.61328
"1998-01-20"	5.61328
"1998-01-21"	5.62109
"1998-01-22"	5.60156
"1998-01-23"	5.60547
"1998-01-26"	5.625
"1998-01-27"	5.625
"1998-01-28"	5.625
"1998-01-29"	5.625
"1998-01-30"	5.59766
"1998-02-02"	5.61719
"1998-02-03"	5.625
"1998-02-04"	5.62109
"1998-02-05"	5.625
"1998-02-06"	5.625
"1998-02-09"	5.625
"1998-02-10"	5.625
"1998-02-11"	5.625
"1998-02-12"	5.625
"1998-02-13"	5.625
"1998-02-16"	5.61719
"1998-02-17"	5.61719
"1998-02-18"	5.625
"1998-02-19"	5.625
"1998-02-20"	5.625
"1998-02-23"	5.625
"1998-02-24"	5.625
"1998-02-25"	5.63281
"1998-02-26"	5.67188
"1998-02-27"	5.6875
"1998-03-02"	5.68359
"1998-03-03"	5.6875
"1998-03-04"	5.6875
"1998-03-05"	5.6875
"1998-03-06"	5.6875
"1998-03-09"	5.6875
"1998-03-10"	5.6875
"1998-03-11"	5.6875
"1998-03-12"	5.6875
"1998-03-13"	5.6875
"1998-03-16"	5.6875
"1998-03-17"	5.6875
"1998-03-18"	5.68359
"1998-03-19"	5.68359
"1998-03-20"	5.6875
"1998-03-23"	5.6875
"1998-03-24"	5.6875
"1998-03-25"	5.6875
"1998-03-26"	5.6875
"1998-03-27"	5.6875
"1998-03-30"	5.6875
"1998-03-31"	5.6875
"1998-04-01"	5.6875
"1998-04-02"	5.67969
"1998-04-03"	5.65625
"1998-04-06"	5.65625
"1998-04-07"	5.65625
"1998-04-08"	5.65625
"1998-04-09"	5.65625
"1998-04-14"	5.65625
"1998-04-15"	5.65625
"1998-04-16"	5.65625
"1998-04-17"	5.65625
"1998-04-20"	5.65625
"1998-04-21"	5.65625
"1998-04-22"	5.65625
"1998-04-23"	5.65625
"1998-04-24"	5.65625
"1998-04-27"	5.65625
"1998-04-28"	5.65625
"1998-04-29"	5.65625
"1998-04-30"	5.65625
"1998-05-01"	5.65625
"1998-05-05"	5.65234
"1998-05-06"	5.65625
"1998-05-07"	5.65234
"1998-05-08"	5.65234
"1998-05-11"	5.64453
"1998-05-12"	5.64063
"1998-05-13"	5.65625
"1998-05-14"	5.65625
"1998-05-15"	5.65625
"1998-05-18"	5.65625
"1998-05-19"	5.65625
"1998-05-20"	5.64844
"1998-05-21"	5.64844
"1998-05-22"	5.64844
"1998-05-26"	5.64844
"1998-05-27"	5.64453
"1998-05-28"	5.65234
"1998-05-29"	5.65625
"1998-06-01"	5.65625
"1998-06-02"	5.65625
"1998-06-03"	5.65625
"1998-06-04"	5.65625
"1998-06-05"	5.65625
"1998-06-08"	5.65625
"1998-06-09"	5.65625
"1998-06-10"	5.65625
"1998-06-11"	5.65625
"1998-06-12"	5.65625
"1998-06-15"	5.65234
"1998-06-16"	5.65234
"1998-06-17"	5.64844
"1998-06-18"	5.65625
"1998-06-19"	5.65625
"1998-06-22"	5.65234
"1998-06-23"	5.65625
"1998-06-24"	5.65625
"1998-06-25"	5.65625
"1998-06-26"	5.6875
"1998-06-29"	5.66797
"1998-06-30"	5.66016
"1998-07-01"	5.66016
"1998-07-02"	5.65625
"1998-07-03"	5.65625
"1998-07-06"	5.65625
"1998-07-07"	5.65625
"1998-07-08"	5.65625
"1998-07-09"	5.65625
"1998-07-10"	5.65625
"1998-07-13"	5.65625
"1998-07-14"	5.65625
"1998-07-15"	5.65625
"1998-07-16"	5.65625
"1998-07-17"	5.65625
"1998-07-20"	5.65625
"1998-07-21"	5.65234
"1998-07-22"	5.65625
"1998-07-23"	5.65625
"1998-07-24"	5.65625
"1998-07-27"	5.65625
"1998-07-28"	5.65625
"1998-07-29"	5.65625
"1998-07-30"	5.65625
"1998-07-31"	5.65625
"1998-08-03"	5.65625
"1998-08-04"	5.65625
"1998-08-05"	5.65234
"1998-08-06"	5.65234
"1998-08-07"	5.65234
"1998-08-10"	5.64844
"1998-08-11"	5.64844
"1998-08-12"	5.64063
"1998-08-13"	5.64063
"1998-08-14"	5.64453
"1998-08-17"	5.64453
"1998-08-18"	5.64844
"1998-08-19"	5.64844
"1998-08-20"	5.64453
"1998-08-21"	5.64844
"1998-08-24"	5.64844
"1998-08-25"	5.64453
"1998-08-26"	5.65234
"1998-08-27"	5.65625
"1998-08-28"	5.64453
"1998-09-01"	5.625
"1998-09-02"	5.625
"1998-09-03"	5.625
"1998-09-04"	5.625
"1998-09-07"	5.625
"1998-09-08"	5.65625
"1998-09-09"	5.625
"1998-09-10"	5.625
"1998-09-11"	5.58984
"1998-09-14"	5.58203
"1998-09-15"	5.58203
"1998-09-16"	5.58984
"1998-09-17"	5.58984
"1998-09-18"	5.58594
"1998-09-21"	5.59375
"1998-09-22"	5.59375
"1998-09-23"	5.59375
"1998-09-24"	5.52734
"1998-09-25"	5.38672
"1998-09-28"	5.375
"1998-09-29"	5.34375
"1998-09-30"	5.375
"1998-10-01"	5.375
"1998-10-02"	5.375
"1998-10-05"	5.375
"1998-10-06"	5.40625
"1998-10-07"	5.4375
"1998-10-08"	5.41016
"1998-10-09"	5.40625
"1998-10-12"	5.40625
"1998-10-13"	5.40859
"1998-10-14"	5.40813
"1998-10-15"	5.40766
"1998-10-16"	5.22688
"1998-10-19"	5.22313
"1998-10-20"	5.22313
"1998-10-21"	5.21938
"1998-10-22"	5.21938
"1998-10-23"	5.21969
"1998-10-26"	5.21984
"1998-10-27"	5.22484
"1998-10-28"	5.22734
"1998-10-29"	5.21953
"1998-10-30"	5.23875
"1998-11-02"	5.25
"1998-11-03"	5.28031
"1998-11-04"	5.27297
"1998-11-05"	5.28297
"1998-11-06"	5.28406
"1998-11-09"	5.28047
"1998-11-10"	5.27656
"1998-11-11"	5.27641
"1998-11-12"	5.27781
"1998-11-13"	5.27391
"1998-11-16"	5.27656
"1998-11-17"	5.26391
"1998-11-18"	5.06094
"1998-11-19"	5.06031
"1998-11-20"	5.04891
"1998-11-23"	5.04234
"1998-11-24"	5.03984
"1998-11-25"	5.03422
"1998-11-26"	5.04797
"1998-11-27"	5.54656
"1998-11-30"	5.62063
"1998-12-01"	5.62563
"1998-12-02"	5.62375
"1998-12-03"	5.59188
"1998-12-04"	5.56031
"1998-12-07"	5.55672
"1998-12-08"	5.54547
"1998-12-09"	5.54656
"1998-12-10"	5.54391
"1998-12-11"	5.53547
"1998-12-14"	5.53672
"1998-12-15"	5.54438
"1998-12-16"	5.55141
"1998-12-17"	5.56063
"1998-12-18"	5.56906
"1998-12-21"	5.575
"1998-12-22"	5.6175
"1998-12-23"	5.62438
"1998-12-24"	5.62875
"1998-12-29"	5.62875
"1998-12-30"	5.07734
"1998-12-31"	5.06406
"1999-01-04"	5.06
"1999-01-05"	5.05391
"1999-01-06"	5.035
"1999-01-07"	5.02
"1999-01-08"	5
"1999-01-11"	5.00625
"1999-01-12"	5.0025
"1999-01-13"	5
"1999-01-14"	5
"1999-01-15"	4.9575
"1999-01-18"	4.955
"1999-01-19"	4.95734
"1999-01-20"	4.94875
"1999-01-21"	4.93969
"1999-01-22"	4.93969
"1999-01-25"	4.93875
"1999-01-26"	4.93906
"1999-01-27"	4.93938
"1999-01-28"	4.93875
"1999-01-29"	4.93906
"1999-02-01"	4.93844
"1999-02-02"	4.93875
"1999-02-03"	4.93656
"1999-02-04"	4.93531
"1999-02-05"	4.93656
"1999-02-08"	4.93813
"1999-02-09"	4.93938
"1999-02-10"	4.93563
"1999-02-11"	4.93563
"1999-02-12"	4.93563
"1999-02-15"	4.93781
"1999-02-16"	4.93656
"1999-02-17"	4.93781
"1999-02-18"	4.93688
"1999-02-19"	4.93688
"1999-02-22"	4.93813
"1999-02-23"	4.93688
"1999-02-24"	4.93938
"1999-02-25"	4.96344
"1999-02-26"	4.9625
"1999-03-01"	4.965
"1999-03-02"	4.96609
"1999-03-03"	4.965
"1999-03-04"	4.965
"1999-03-05"	4.96484
"1999-03-08"	4.9525
"1999-03-09"	4.95
"1999-03-10"	4.94
"1999-03-11"	4.93875
"1999-03-12"	4.9375
"1999-03-15"	4.9375
"1999-03-16"	4.93625
"1999-03-17"	4.93594
"1999-03-18"	4.93469
"1999-03-19"	4.93438
"1999-03-22"	4.93969
"1999-03-23"	4.93875
"1999-03-24"	4.9375
"1999-03-25"	4.93688
"1999-03-26"	4.93969
"1999-03-29"	4.93875
"1999-03-30"	4.93875
"1999-03-31"	4.93719
"1999-04-01"	4.9375
"1999-04-06"	4.93719
"1999-04-07"	4.93
"1999-04-08"	4.93094
"1999-04-09"	4.92875
"1999-04-12"	4.92875
"1999-04-13"	4.92625
"1999-04-14"	4.92875
"1999-04-15"	4.92875
"1999-04-16"	4.9275
"1999-04-19"	4.9275
"1999-04-20"	4.925
"1999-04-21"	4.92625
"1999-04-22"	4.9125
"1999-04-23"	4.90625
"1999-04-26"	4.9025
"1999-04-27"	4.90375
"1999-04-28"	4.9025
"1999-04-29"	4.90125
"1999-04-30"	4.9025
"1999-05-04"	4.90375
"1999-05-05"	4.9025
"1999-05-06"	4.90125
"1999-05-07"	4.9025
"1999-05-10"	4.90125
"1999-05-11"	4.9025
"1999-05-12"	4.9
"1999-05-13"	4.9025
"1999-05-14"	4.9
"1999-05-17"	4.91375
"1999-05-18"	4.92125
"1999-05-19"	4.9275
"1999-05-20"	4.925
"1999-05-21"	4.9225
"1999-05-24"	4.92125
"1999-05-25"	4.91875
"1999-05-26"	4.9175
"1999-05-27"	4.93
"1999-05-28"	4.9437
"1999-06-01"	4.9425
"1999-06-02"	4.955
"1999-06-03"	4.9525
"1999-06-04"	4.95
"1999-06-07"	4.95125
"1999-06-08"	4.9525
"1999-06-09"	4.955
"1999-06-10"	4.96375
"1999-06-11"	4.9875
"1999-06-14"	5
"1999-06-15"	5
"1999-06-16"	5.02
"1999-06-17"	5.02375
"1999-06-18"	5.0275
"1999-06-21"	5.04125
"1999-06-22"	5.06
"1999-06-23"	5.0925
"1999-06-24"	5.14
"1999-06-25"	5.1675
"1999-06-28"	5.21
"1999-06-29"	5.22
"1999-06-30"	5.23625
"1999-07-01"	5.18094
"1999-07-02"	5.18375
"1999-07-05"	5.183
"1999-07-06"	5.18375
"1999-07-07"	5.1875
"1999-07-08"	5.185
"1999-07-09"	5.1825
"1999-07-12"	5.18125
"1999-07-13"	5.18
"1999-07-14"	5.18
"1999-07-15"	5.18
"1999-07-16"	5.18
"1999-07-19"	5.18
"1999-07-20"	5.17875
"1999-07-21"	5.1675
"1999-07-22"	5.16375
"1999-07-23"	5.17625
"1999-07-26"	5.18
"1999-07-27"	5.18
"1999-07-28"	5.18
"1999-07-29"	5.18
"1999-07-30"	5.19375
"1999-08-02"	5.2025
"1999-08-03"	5.20875
"1999-08-04"	5.21
"1999-08-05"	5.20875
"1999-08-06"	5.20875
"1999-08-09"	5.24375
"1999-08-10"	5.25625
"1999-08-11"	5.2575
"1999-08-12"	5.26875
"1999-08-13"	5.27625
"1999-08-16"	5.27875
"1999-08-17"	5.2875
"1999-08-18"	5.2925
"1999-08-19"	5.315
"1999-08-20"	5.325
"1999-08-23"	5.33875
"1999-08-24"	5.345
"1999-08-25"	5.3625
"1999-08-26"	5.35875
"1999-08-27"	5.37063
"1999-08-31"	5.375
"1999-09-01"	5.375
"1999-09-02"	5.3775
"1999-09-03"	5.38125
"1999-09-06"	5.37875
"1999-09-07"	5.38
"1999-09-08"	5.38
"1999-09-09"	5.38
"1999-09-10"	5.38
"1999-09-13"	5.38
"1999-09-14"	5.38
"1999-09-15"	5.38125
"1999-09-16"	5.38125
"1999-09-17"	5.38125
"1999-09-20"	5.38125
"1999-09-21"	5.3825
"1999-09-22"	5.3825
"1999-09-23"	5.3825
"1999-09-24"	5.38
"1999-09-27"	5.38
"1999-09-28"	5.38
"1999-09-29"	5.4
"1999-09-30"	5.4
"1999-10-01"	5.40125
"1999-10-04"	5.4175
"1999-10-05"	5.4225
"1999-10-06"	5.41875
"1999-10-07"	5.41625
"1999-10-08"	5.40875
"1999-10-11"	5.4075
"1999-10-12"	5.40625
"1999-10-13"	5.40625
"1999-10-14"	5.4075
"1999-10-15"	5.40875
"1999-10-18"	5.4075
"1999-10-19"	5.40713
"1999-10-20"	5.41
"1999-10-21"	5.40875
"1999-10-22"	5.41
"1999-10-25"	5.41
"1999-10-26"	5.40875
"1999-10-27"	5.40875
"1999-10-28"	5.41
"1999-10-29"	5.40875
"1999-11-01"	5.4075
"1999-11-02"	5.40875
"1999-11-03"	5.41
"1999-11-04"	5.405
"1999-11-05"	5.40375
"1999-11-08"	5.4
"1999-11-09"	5.4
"1999-11-10"	5.4
"1999-11-11"	5.4275
"1999-11-12"	5.44375
"1999-11-15"	5.45875
"1999-11-16"	5.4725
"1999-11-17"	5.59625
"1999-11-18"	5.5925
"1999-11-19"	5.58875
"1999-11-22"	5.58875
"1999-11-23"	5.59
"1999-11-24"	5.59375
"1999-11-25"	5.60125
"1999-11-26"	5.6075
"1999-11-29"	6.47625
"1999-11-30"	6.4825
"1999-12-01"	6.47875
"1999-12-02"	6.47875
"1999-12-03"	6.47875
"1999-12-06"	6.46875
"1999-12-07"	6.4675
"1999-12-08"	6.46875
"1999-12-09"	6.46125
"1999-12-10"	6.4625
"1999-12-13"	6.4625
"1999-12-14"	6.46125
"1999-12-15"	6.46
"1999-12-16"	6.46125
"1999-12-17"	6.4625
"1999-12-20"	6.46125
"1999-12-21"	6.47
"1999-12-22"	6.47125
"1999-12-23"	6.48125
"1999-12-24"	6.49
"1999-12-29"	5.8275
"1999-12-30"	5.8275
"2000-01-04"	5.81
"2000-01-05"	5.7925
"2000-01-06"	5.79125
"2000-01-07"	5.79125
"2000-01-10"	5.78125
"2000-01-11"	5.78125
"2000-01-12"	5.78125
"2000-01-13"	5.78125
"2000-01-14"	5.7925
"2000-01-17"	5.8025
"2000-01-18"	5.8075
"2000-01-19"	5.80875
"2000-01-20"	5.81
"2000-01-21"	5.81375
"2000-01-24"	5.81875
"2000-01-25"	5.82
"2000-01-26"	5.82125
"2000-01-27"	5.83
"2000-01-28"	5.85625
"2000-01-31"	5.885
"2000-02-01"	5.905
"2000-02-02"	5.92375
"2000-02-03"	5.89625
"2000-02-04"	5.89
"2000-02-07"	5.89125
"2000-02-08"	5.89
"2000-02-09"	5.89
"2000-02-10"	5.88875
"2000-02-11"	5.885
"2000-02-14"	5.88
"2000-02-15"	5.88
"2000-02-16"	5.88
"2000-02-17"	5.88
"2000-02-18"	5.88
"2000-02-21"	5.88
"2000-02-22"	5.88
"2000-02-23"	5.87875
"2000-02-24"	5.8775
"2000-02-25"	5.87625
"2000-02-28"	5.9125
"2000-02-29"	5.91875
"2000-03-01"	5.92625
"2000-03-02"	5.93625
"2000-03-03"	5.94125
"2000-03-06"	5.95
"2000-03-07"	5.96
"2000-03-08"	5.97
"2000-03-09"	5.98875
"2000-03-10"	5.99625
"2000-03-13"	6.00375
"2000-03-14"	6.0175
"2000-03-15"	6.035
"2000-03-16"	6.07125
"2000-03-17"	6.09625
"2000-03-20"	6.1125
"2000-03-21"	6.12125
"2000-03-22"	6.12375
"2000-03-23"	6.125
"2000-03-24"	6.12875
"2000-03-27"	6.13125
"2000-03-28"	6.1325
"2000-03-29"	6.1325
"2000-03-30"	6.1325
"2000-03-31"	6.1325
"2000-04-03"	6.13125
"2000-04-04"	6.1325
"2000-04-05"	6.12875
"2000-04-06"	6.13
"2000-04-07"	6.13
"2000-04-10"	6.13
"2000-04-11"	6.13
"2000-04-12"	6.13
"2000-04-13"	6.13
"2000-04-14"	6.13
"2000-04-17"	6.13
"2000-04-18"	6.13
"2000-04-19"	6.145
"2000-04-20"	6.15
"2000-04-25"	6.16375
"2000-04-26"	6.1825
"2000-04-27"	6.1975
"2000-04-28"	6.29125
"2000-05-02"	6.355
"2000-05-03"	6.375
"2000-05-04"	6.42625
"2000-05-05"	6.44
"2000-05-08"	6.46125
"2000-05-09"	6.47875
"2000-05-10"	6.495
"2000-05-11"	6.5225
"2000-05-12"	6.54
"2000-05-15"	6.57
"2000-05-16"	6.58375
"2000-05-17"	6.6075
"2000-05-18"	6.60875
"2000-05-19"	6.61
"2000-05-22"	6.61
"2000-05-23"	6.61
"2000-05-24"	6.61
"2000-05-25"	6.61125
"2000-05-26"	6.615
"2000-05-30"	6.64125
"2000-05-31"	6.65375
"2000-06-01"	6.6625
"2000-06-02"	6.65625
"2000-06-05"	6.6225
"2000-06-06"	6.62625
"2000-06-07"	6.63
"2000-06-08"	6.635
"2000-06-09"	6.64125
"2000-06-12"	6.64875
"2000-06-13"	6.65125
"2000-06-14"	6.65
"2000-06-15"	6.64875
"2000-06-16"	6.65125
"2000-06-19"	6.6475
"2000-06-20"	6.65
"2000-06-21"	6.65
"2000-06-22"	6.65125
"2000-06-23"	6.65125
"2000-06-26"	6.665
"2000-06-27"	6.67375
"2000-06-28"	6.68438
"2000-06-29"	6.645
"2000-06-30"	6.64188
"2000-07-03"	6.64
"2000-07-04"	6.63
"2000-07-05"	6.63
"2000-07-06"	6.63
"2000-07-07"	6.63125
"2000-07-10"	6.63
"2000-07-11"	6.63
"2000-07-12"	6.62875
"2000-07-13"	6.62625
"2000-07-14"	6.6275
"2000-07-17"	6.63
"2000-07-18"	6.63
"2000-07-19"	6.63
"2000-07-20"	6.63
"2000-07-21"	6.62
"2000-07-24"	6.62
"2000-07-25"	6.62
"2000-07-26"	6.62
"2000-07-27"	6.62
"2000-07-28"	6.62
"2000-07-31"	6.62063
"2000-08-01"	6.62125
"2000-08-02"	6.62
"2000-08-03"	6.62
"2000-08-04"	6.62
"2000-08-07"	6.6175
"2000-08-08"	6.62
"2000-08-09"	6.62
"2000-08-10"	6.61875
"2000-08-11"	6.61875
"2000-08-14"	6.62
"2000-08-15"	6.62
"2000-08-16"	6.62
"2000-08-17"	6.62
"2000-08-18"	6.62
"2000-08-21"	6.62
"2000-08-22"	6.62
"2000-08-23"	6.62
"2000-08-24"	6.62
"2000-08-25"	6.62
"2000-08-29"	6.62
"2000-08-30"	6.6275
"2000-08-31"	6.63
"2000-09-01"	6.62875
"2000-09-04"	6.62
"2000-09-05"	6.62
"2000-09-06"	6.62
"2000-09-07"	6.62
"2000-09-08"	6.62063
"2000-09-11"	6.62
"2000-09-12"	6.62063
"2000-09-13"	6.62125
"2000-09-14"	6.6225
"2000-09-15"	6.6225
"2000-09-18"	6.62375
"2000-09-19"	6.62125
"2000-09-20"	6.62063
"2000-09-21"	6.62188
"2000-09-22"	6.62063
"2000-09-25"	6.62
"2000-09-26"	6.62
"2000-09-27"	6.62063
"2000-09-28"	6.61875
"2000-09-29"	6.6175
"2000-10-02"	6.62
"2000-10-03"	6.62
"2000-10-04"	6.62
"2000-10-05"	6.62
"2000-10-06"	6.62
"2000-10-09"	6.62
"2000-10-10"	6.62
"2000-10-11"	6.62
"2000-10-12"	6.62
"2000-10-13"	6.6175
"2000-10-16"	6.61938
"2000-10-17"	6.62
"2000-10-18"	6.62
"2000-10-19"	6.62
"2000-10-20"	6.62
"2000-10-23"	6.62
"2000-10-24"	6.62
"2000-10-25"	6.62
"2000-10-26"	6.62
"2000-10-27"	6.62
"2000-10-30"	6.62
"2000-10-31"	6.62
"2000-11-01"	6.62
"2000-11-02"	6.62
"2000-11-03"	6.62
"2000-11-06"	6.62
"2000-11-07"	6.62
"2000-11-08"	6.62
"2000-11-09"	6.62
"2000-11-10"	6.62
"2000-11-13"	6.62
"2000-11-14"	6.61875
"2000-11-15"	6.61975
"2000-11-16"	6.61875
"2000-11-17"	6.6175
"2000-11-20"	6.61625
"2000-11-21"	6.6175
"2000-11-22"	6.6175
"2000-11-23"	6.6175
"2000-11-24"	6.615
"2000-11-27"	6.61625
"2000-11-28"	6.61625
"2000-11-29"	6.82125
"2000-11-30"	6.80375
"2000-12-01"	6.77875
"2000-12-04"	6.77625
"2000-12-05"	6.76875
"2000-12-06"	6.7475
"2000-12-07"	6.7275
"2000-12-08"	6.7175
"2000-12-11"	6.71375
"2000-12-12"	6.71125
"2000-12-13"	6.71
"2000-12-14"	6.69875
"2000-12-15"	6.695
"2000-12-18"	6.68625
"2000-12-19"	6.67
"2000-12-20"	6.66375
"2000-12-21"	6.6475
"2000-12-22"	6.64625
"2000-12-27"	6.6375
"2000-12-28"	6.5625
"2000-12-29"	6.56125
"2001-01-02"	6.5475
"2001-01-03"	6.5075
"2001-01-04"	6.05
"2001-01-05"	5.93625
"2001-01-08"	5.88375
"2001-01-09"	5.88125
"2001-01-10"	5.88625
"2001-01-11"	5.8825
"2001-01-12"	5.88063
"2001-01-15"	5.91063
"2001-01-16"	5.90125
"2001-01-17"	5.89875
"2001-01-18"	5.83625
"2001-01-19"	5.78875
"2001-01-22"	5.72625
"2001-01-23"	5.71375
"2001-01-24"	5.74125
"2001-01-25"	5.715
"2001-01-26"	5.685
"2001-01-29"	5.6475
"2001-01-30"	5.625
"2001-01-31"	5.57
"2001-02-01"	5.56
"2001-02-02"	5.565
"2001-02-05"	5.57375
"2001-02-06"	5.5725
"2001-02-07"	5.57
"2001-02-08"	5.57125
"2001-02-09"	5.57125
"2001-02-12"	5.56875
"2001-02-13"	5.56875
"2001-02-14"	5.57
"2001-02-15"	5.58
"2001-02-16"	5.58
"2001-02-19"	5.57563
"2001-02-20"	5.57
"2001-02-21"	5.56125
"2001-02-22"	5.53
"2001-02-23"	5.4775
"2001-02-26"	5.38125
"2001-02-27"	5.28125
"2001-02-28"	5.2075
"2001-03-01"	5.2925
"2001-03-02"	5.29
"2001-03-05"	5.275
"2001-03-06"	5.27125
"2001-03-07"	5.25875
"2001-03-08"	5.23375
"2001-03-09"	5.1875
"2001-03-12"	5.1925
"2001-03-13"	5.16375
"2001-03-14"	5.15
"2001-03-15"	5.05625
"2001-03-16"	5.0075
"2001-03-19"	4.98
"2001-03-20"	4.98
"2001-03-21"	5.05625
"2001-03-22"	5.05
"2001-03-23"	5.05625
"2001-03-26"	5.0575
"2001-03-27"	5.055
"2001-03-28"	5.08375
"2001-03-29"	5.07875
"2001-03-30"	5.08
"2001-04-02"	5.05625
"2001-04-03"	5.06125
"2001-04-04"	5.0525
"2001-04-05"	5.0525
"2001-04-06"	5.05125
"2001-04-09"	5.02
"2001-04-10"	5.02
"2001-04-11"	5.0225
"2001-04-12"	5.03875
"2001-04-17"	5.04875
"2001-04-18"	5.05
"2001-04-19"	4.52125
"2001-04-20"	4.52625
"2001-04-23"	4.50625
"2001-04-24"	4.47125
"2001-04-25"	4.46
"2001-04-26"	4.46125
"2001-04-27"	4.43375
"2001-04-30"	4.4325
"2001-05-01"	4.4325
"2001-05-02"	4.42
"2001-05-03"	4.3825
"2001-05-04"	4.35
"2001-05-08"	4.1775
"2001-05-09"	4.1675
"2001-05-10"	4.12625
"2001-05-11"	4.1225
"2001-05-14"	4.15125
"2001-05-15"	4.135
"2001-05-16"	4.08125
"2001-05-17"	4.08375
"2001-05-18"	4.09
"2001-05-21"	4.09
"2001-05-22"	4.09
"2001-05-23"	4.08875
"2001-05-24"	4.08
"2001-05-25"	4.06375
"2001-05-29"	4.05625
"2001-05-30"	4.06
"2001-05-31"	4.0575
"2001-06-01"	4.03625
"2001-06-04"	4.03125
"2001-06-05"	4.03125
"2001-06-06"	4.02
"2001-06-07"	4.01125
"2001-06-08"	4.01
"2001-06-11"	4
"2001-06-12"	3.99
"2001-06-13"	3.98
"2001-06-14"	3.97
"2001-06-15"	3.95
"2001-06-18"	3.88125
"2001-06-19"	3.85
"2001-06-20"	3.83375
"2001-06-21"	3.805
"2001-06-22"	3.79
"2001-06-25"	3.76
"2001-06-26"	3.75
"2001-06-27"	3.75125
"2001-06-28"	3.835
"2001-06-29"	3.8625
"2001-07-02"	3.86
"2001-07-03"	3.85
"2001-07-04"	3.85
"2001-07-05"	3.85
"2001-07-06"	3.84813
"2001-07-09"	3.83125
"2001-07-10"	3.83
"2001-07-11"	3.83
"2001-07-12"	3.83
"2001-07-13"	3.82875
"2001-07-16"	3.83
"2001-07-17"	3.82875
"2001-07-18"	3.82875
"2001-07-19"	3.81
"2001-07-20"	3.80125
"2001-07-23"	3.7925
"2001-07-24"	3.79375
"2001-07-25"	3.79
"2001-07-26"	3.78375
"2001-07-27"	3.775
"2001-07-30"	3.76
"2001-07-31"	3.75
"2001-08-01"	3.74
"2001-08-02"	3.73
"2001-08-03"	3.73
"2001-08-06"	3.72
"2001-08-07"	3.71
"2001-08-08"	3.70625
"2001-08-09"	3.6725
"2001-08-10"	3.66
"2001-08-13"	3.64
"2001-08-14"	3.63
"2001-08-15"	3.62
"2001-08-16"	3.61
"2001-08-17"	3.6
"2001-08-20"	3.58
"2001-08-21"	3.58
"2001-08-22"	3.5775
"2001-08-23"	3.58
"2001-08-24"	3.58
"2001-08-28"	3.58
"2001-08-29"	3.58
"2001-08-30"	3.58375
"2001-08-31"	3.58125
"2001-09-03"	3.57875
"2001-09-04"	3.5725
"2001-09-05"	3.58
"2001-09-06"	3.57688
"2001-09-07"	3.57
"2001-09-10"	3.50125
"2001-09-11"	3.49
"2001-09-12"	3.50125
"2001-09-13"	3.4875
"2001-09-14"	3.49625
"2001-09-17"	3.38375
"2001-09-18"	3.0575
"2001-09-19"	2.785
"2001-09-20"	2.61375
"2001-09-21"	2.66125
"2001-09-24"	2.64375
"2001-09-25"	2.66625
"2001-09-26"	2.66375
"2001-09-27"	2.63875
"2001-09-28"	2.63
"2001-10-01"	2.6375
"2001-10-02"	2.6375
"2001-10-03"	2.58875
"2001-10-04"	2.58
"2001-10-05"	2.5625
"2001-10-08"	2.54125
"2001-10-09"	2.53125
"2001-10-10"	2.53125
"2001-10-11"	2.525
"2001-10-12"	2.52938
"2001-10-15"	2.5175
"2001-10-16"	2.51
"2001-10-17"	2.50125
"2001-10-18"	2.4625
"2001-10-19"	2.445
"2001-10-22"	2.42625
"2001-10-23"	2.42
"2001-10-24"	2.4075
"2001-10-25"	2.37625
"2001-10-26"	2.35375
"2001-10-29"	2.3425
"2001-10-30"	2.32
"2001-10-31"	2.2875
"2001-11-01"	2.28
"2001-11-02"	2.27
"2001-11-05"	2.22
"2001-11-06"	2.19
"2001-11-07"	2.09063
"2001-11-08"	2.09
"2001-11-09"	2.09125
"2001-11-12"	2.09
"2001-11-13"	2.08
"2001-11-14"	2.08125
"2001-11-15"	2.1
"2001-11-16"	2.1025
"2001-11-19"	2.10375
"2001-11-20"	2.09
"2001-11-21"	2.1
"2001-11-22"	2.1075
"2001-11-23"	2.10875
"2001-11-26"	2.10813
"2001-11-27"	2.11
"2001-11-28"	2.08
"2001-11-29"	2.14375
"2001-11-30"	2.11875
"2001-12-03"	2.10625
"2001-12-04"	2.09125
"2001-12-05"	2.04375
"2001-12-06"	2.0425
"2001-12-07"	2.0225
"2001-12-10"	1.94125
"2001-12-11"	1.92
"2001-12-12"	1.8975
"2001-12-13"	1.89563
"2001-12-14"	1.91
"2001-12-17"	1.92
"2001-12-18"	1.9325
"2001-12-19"	1.93125
"2001-12-20"	1.93125
"2001-12-21"	1.93
"2001-12-24"	1.92563
"2001-12-27"	1.93
"2001-12-28"	1.87375
"2001-12-31"	1.87375
"2002-01-02"	1.86
"2002-01-03"	1.86625
"2002-01-04"	1.86
"2002-01-07"	1.8525
"2002-01-08"	1.84
"2002-01-09"	1.84
"2002-01-10"	1.83
"2002-01-11"	1.82
"2002-01-14"	1.74125
"2002-01-15"	1.74
"2002-01-16"	1.73125
"2002-01-17"	1.73875
"2002-01-18"	1.75
"2002-01-21"	1.76125
"2002-01-22"	1.76125
"2002-01-23"	1.76
"2002-01-24"	1.77
"2002-01-25"	1.8275
"2002-01-28"	1.83
"2002-01-29"	1.83
"2002-01-30"	1.83
"2002-01-31"	1.8475
"2002-02-01"	1.86
"2002-02-04"	1.85
"2002-02-05"	1.84125
"2002-02-06"	1.84
"2002-02-07"	1.84
"2002-02-08"	1.84
"2002-02-11"	1.8375
"2002-02-12"	1.84
"2002-02-13"	1.8475
"2002-02-14"	1.85
"2002-02-15"	1.85
"2002-02-18"	1.85
"2002-02-19"	1.85
"2002-02-20"	1.85
"2002-02-21"	1.85
"2002-02-22"	1.85
"2002-02-25"	1.85
"2002-02-26"	1.85
"2002-02-27"	1.87
"2002-02-28"	1.87
"2002-03-01"	1.87
"2002-03-04"	1.88
"2002-03-05"	1.88
"2002-03-06"	1.88
"2002-03-07"	1.88
"2002-03-08"	1.9
"2002-03-11"	1.9
"2002-03-12"	1.9
"2002-03-13"	1.9
"2002-03-14"	1.9
"2002-03-15"	1.9
"2002-03-18"	1.90125
"2002-03-19"	1.9
"2002-03-20"	1.9
"2002-03-21"	1.9
"2002-03-22"	1.9
"2002-03-25"	1.9
"2002-03-26"	1.90875
"2002-03-27"	1.88375
"2002-03-28"	1.87875
"2002-04-02"	1.88
"2002-04-03"	1.8725
"2002-04-04"	1.87
"2002-04-05"	1.87
"2002-04-08"	1.86
"2002-04-09"	1.86
"2002-04-10"	1.86
"2002-04-11"	1.86
"2002-04-12"	1.86
"2002-04-15"	1.86
"2002-04-16"	1.86
"2002-04-17"	1.86
"2002-04-18"	1.8575
"2002-04-19"	1.85
"2002-04-22"	1.85
"2002-04-23"	1.85
"2002-04-24"	1.85
"2002-04-25"	1.84375
"2002-04-26"	1.8425
"2002-04-29"	1.84125
"2002-04-30"	1.84
"2002-05-01"	1.84
"2002-05-02"	1.84
"2002-05-03"	1.84
"2002-05-07"	1.84
"2002-05-08"	1.84
"2002-05-09"	1.84
"2002-05-10"	1.84
"2002-05-13"	1.84
"2002-05-14"	1.84
"2002-05-15"	1.84
"2002-05-16"	1.84
"2002-05-17"	1.84
"2002-05-20"	1.84
"2002-05-21"	1.84
"2002-05-22"	1.84
"2002-05-23"	1.84
"2002-05-24"	1.84
"2002-05-27"	1.84
"2002-05-28"	1.84
"2002-05-29"	1.84
"2002-05-30"	1.84375
"2002-05-31"	1.84375
"2002-06-05"	1.84
"2002-06-06"	1.84
"2002-06-07"	1.84
"2002-06-10"	1.84
"2002-06-11"	1.84
"2002-06-12"	1.84
"2002-06-13"	1.84
"2002-06-14"	1.83938
"2002-06-17"	1.84
"2002-06-18"	1.83875
"2002-06-19"	1.84
"2002-06-20"	1.84
"2002-06-21"	1.84
"2002-06-24"	1.84
"2002-06-25"	1.84
"2002-06-26"	1.83875
"2002-06-27"	1.83875
"2002-06-28"	1.83875
"2002-07-01"	1.83875
"2002-07-02"	1.83875
"2002-07-03"	1.83875
"2002-07-04"	1.84
"2002-07-05"	1.84
"2002-07-08"	1.84
"2002-07-09"	1.84
"2002-07-10"	1.84
"2002-07-11"	1.83875
"2002-07-12"	1.84
"2002-07-15"	1.83875
"2002-07-16"	1.8375
"2002-07-17"	1.84
"2002-07-18"	1.84
"2002-07-19"	1.84
"2002-07-22"	1.83875
"2002-07-23"	1.83688
"2002-07-24"	1.8175
"2002-07-25"	1.82
"2002-07-26"	1.81
"2002-07-29"	1.81
"2002-07-30"	1.81875
"2002-07-31"	1.82
"2002-08-01"	1.81
"2002-08-02"	1.8
"2002-08-05"	1.78875
"2002-08-06"	1.78
"2002-08-07"	1.78
"2002-08-08"	1.7775
"2002-08-09"	1.78
"2002-08-12"	1.78
"2002-08-13"	1.78
"2002-08-14"	1.78
"2002-08-15"	1.79
"2002-08-16"	1.7975
"2002-08-19"	1.805
"2002-08-20"	1.8075
"2002-08-21"	1.80625
"2002-08-22"	1.81
"2002-08-23"	1.81125
"2002-08-27"	1.81125
"2002-08-28"	1.82
"2002-08-29"	1.82
"2002-08-30"	1.82
"2002-09-02"	1.82
"2002-09-03"	1.82
"2002-09-04"	1.81
"2002-09-05"	1.81
"2002-09-06"	1.81
"2002-09-09"	1.8125
"2002-09-10"	1.82
"2002-09-11"	1.82
"2002-09-12"	1.82313
"2002-09-13"	1.82
"2002-09-16"	1.82
"2002-09-17"	1.82438
"2002-09-18"	1.82
"2002-09-19"	1.82
"2002-09-20"	1.815
"2002-09-23"	1.81375
"2002-09-24"	1.81063
"2002-09-25"	1.81
"2002-09-26"	1.81375
"2002-09-27"	1.82
"2002-09-30"	1.81125
"2002-10-01"	1.7975
"2002-10-02"	1.8
"2002-10-03"	1.8
"2002-10-04"	1.8
"2002-10-07"	1.8
"2002-10-08"	1.8
"2002-10-09"	1.8
"2002-10-10"	1.8
"2002-10-11"	1.8025
"2002-10-14"	1.805
"2002-10-15"	1.815
"2002-10-16"	1.82125
"2002-10-17"	1.83
"2002-10-18"	1.82875
"2002-10-21"	1.8275
"2002-10-22"	1.8325
"2002-10-23"	1.83
"2002-10-24"	1.83
"2002-10-25"	1.82
"2002-10-28"	1.8
"2002-10-29"	1.79
"2002-10-30"	1.74
"2002-10-31"	1.71625
"2002-11-01"	1.69
"2002-11-04"	1.6525
"2002-11-05"	1.63875
"2002-11-06"	1.62625
"2002-11-07"	1.38
"2002-11-08"	1.37875
"2002-11-11"	1.38
"2002-11-12"	1.38
"2002-11-13"	1.38125
"2002-11-14"	1.38125
"2002-11-15"	1.39
"2002-11-18"	1.38813
"2002-11-19"	1.38688
"2002-11-20"	1.38125
"2002-11-21"	1.38
"2002-11-22"	1.38
"2002-11-25"	1.38
"2002-11-26"	1.38
"2002-11-27"	1.38
"2002-11-28"	1.43875
"2002-11-29"	1.43875
"2002-12-02"	1.44
"2002-12-03"	1.44
"2002-12-04"	1.44
"2002-12-05"	1.43375
"2002-12-06"	1.43125
"2002-12-09"	1.4225
"2002-12-10"	1.42125
"2002-12-11"	1.42
"2002-12-12"	1.42
"2002-12-13"	1.42
"2002-12-16"	1.42
"2002-12-17"	1.42
"2002-12-18"	1.42
"2002-12-19"	1.41875
"2002-12-20"	1.41938
"2002-12-23"	1.42
"2002-12-24"	1.42
"2002-12-27"	1.4175
"2002-12-30"	1.38
"2002-12-31"	1.38
"2003-01-02"	1.38
"2003-01-03"	1.38
"2003-01-06"	1.38
"2003-01-07"	1.37875
"2003-01-08"	1.37875
"2003-01-09"	1.375
"2003-01-10"	1.3725
"2003-01-13"	1.37
"2003-01-14"	1.36875
"2003-01-15"	1.36625
"2003-01-16"	1.36125
"2003-01-17"	1.36
"2003-01-20"	1.36
"2003-01-21"	1.36
"2003-01-22"	1.36
"2003-01-23"	1.3525
"2003-01-24"	1.34875
"2003-01-27"	1.34125
"2003-01-28"	1.34
"2003-01-29"	1.34
"2003-01-30"	1.34
"2003-01-31"	1.34
"2003-02-03"	1.34
"2003-02-04"	1.34
"2003-02-05"	1.34
"2003-02-06"	1.34
"2003-02-07"	1.34
"2003-02-10"	1.34
"2003-02-11"	1.34
"2003-02-12"	1.34
"2003-02-13"	1.34
"2003-02-14"	1.33875
"2003-02-17"	1.34
"2003-02-18"	1.34
"2003-02-19"	1.34
"2003-02-20"	1.3375
"2003-02-21"	1.33625
"2003-02-24"	1.33625
"2003-02-25"	1.3375
"2003-02-26"	1.3375
"2003-02-27"	1.3375
"2003-02-28"	1.3375
"2003-03-03"	1.3375
"2003-03-04"	1.33188
"2003-03-05"	1.32875
"2003-03-06"	1.325
"2003-03-07"	1.32063
"2003-03-10"	1.29125
"2003-03-11"	1.27
"2003-03-12"	1.27
"2003-03-13"	1.28
"2003-03-14"	1.3
"2003-03-17"	1.28125
"2003-03-18"	1.28375
"2003-03-19"	1.3
"2003-03-20"	1.30125
"2003-03-21"	1.305
"2003-03-24"	1.30688
"2003-03-25"	1.30875
"2003-03-26"	1.31
"2003-03-27"	1.31
"2003-03-28"	1.3075
"2003-03-31"	1.3
"2003-04-01"	1.3
"2003-04-02"	1.3
"2003-04-03"	1.3
"2003-04-04"	1.3
"2003-04-07"	1.31
"2003-04-08"	1.31
"2003-04-09"	1.30813
"2003-04-10"	1.30375
"2003-04-11"	1.31
"2003-04-14"	1.31125
"2003-04-15"	1.32
"2003-04-16"	1.32938
"2003-04-17"	1.32
"2003-04-22"	1.32
"2003-04-23"	1.32
"2003-04-24"	1.32
"2003-04-25"	1.31781
"2003-04-28"	1.315
"2003-04-29"	1.32
"2003-04-30"	1.32
"2003-05-01"	1.31438
"2003-05-02"	1.31
"2003-05-06"	1.31
"2003-05-07"	1.31
"2003-05-08"	1.31
"2003-05-09"	1.31
"2003-05-12"	1.31
"2003-05-13"	1.31
"2003-05-14"	1.31
"2003-05-15"	1.3175
"2003-05-16"	1.31813
"2003-05-19"	1.3175
"2003-05-20"	1.31813
"2003-05-21"	1.31625
"2003-05-22"	1.32
"2003-05-23"	1.31875
"2003-05-27"	1.32
"2003-05-28"	1.32
"2003-05-29"	1.32
"2003-05-30"	1.32
"2003-06-02"	1.32
"2003-06-03"	1.31875
"2003-06-04"	1.31
"2003-06-05"	1.29
"2003-06-06"	1.27375
"2003-06-09"	1.2625
"2003-06-10"	1.24625
"2003-06-11"	1.22
"2003-06-12"	1.18
"2003-06-13"	1.14
"2003-06-16"	1.1075
"2003-06-17"	1.0925
"2003-06-18"	1.10375
"2003-06-19"	1.0575
"2003-06-20"	1.04375
"2003-06-23"	1.035
"2003-06-24"	1.0275
"2003-06-25"	1.02
"2003-06-26"	1.11375
"2003-06-27"	1.12
"2003-06-30"	1.12
"2003-07-01"	1.12
"2003-07-02"	1.12
"2003-07-03"	1.1175
"2003-07-04"	1.11625
"2003-07-07"	1.11063
"2003-07-08"	1.11
"2003-07-09"	1.11
"2003-07-10"	1.11
"2003-07-11"	1.10688
"2003-07-14"	1.10313
"2003-07-15"	1.10125
"2003-07-16"	1.10125
"2003-07-17"	1.1
"2003-07-18"	1.1
"2003-07-21"	1.1
"2003-07-22"	1.1
"2003-07-23"	1.1
"2003-07-24"	1.1
"2003-07-25"	1.1
"2003-07-28"	1.1
"2003-07-29"	1.1
"2003-07-30"	1.10063
"2003-07-31"	1.1
"2003-08-01"	1.1125
"2003-08-04"	1.11
"2003-08-05"	1.11
"2003-08-06"	1.11
"2003-08-07"	1.11
"2003-08-08"	1.11
"2003-08-11"	1.11
"2003-08-12"	1.11
"2003-08-13"	1.11
"2003-08-14"	1.11
"2003-08-15"	1.11
"2003-08-18"	1.11
"2003-08-19"	1.11
"2003-08-20"	1.11
"2003-08-21"	1.11
"2003-08-22"	1.11
"2003-08-26"	1.11
"2003-08-27"	1.11
"2003-08-28"	1.115
"2003-08-29"	1.11938
"2003-09-01"	1.12
"2003-09-02"	1.12
"2003-09-03"	1.12
"2003-09-04"	1.12
"2003-09-05"	1.12
"2003-09-08"	1.12
"2003-09-09"	1.12
"2003-09-10"	1.12
"2003-09-11"	1.12
"2003-09-12"	1.12
"2003-09-15"	1.12
"2003-09-16"	1.12
"2003-09-17"	1.12
"2003-09-18"	1.12
"2003-09-19"	1.12
"2003-09-22"	1.12
"2003-09-23"	1.12
"2003-09-24"	1.12
"2003-09-25"	1.12
"2003-09-26"	1.12
"2003-09-29"	1.12
"2003-09-30"	1.12
"2003-10-01"	1.12
"2003-10-02"	1.12
"2003-10-03"	1.12
"2003-10-06"	1.12
"2003-10-07"	1.12
"2003-10-08"	1.12
"2003-10-09"	1.12
"2003-10-10"	1.12
"2003-10-13"	1.12
"2003-10-14"	1.12
"2003-10-15"	1.12
"2003-10-16"	1.12
"2003-10-17"	1.12
"2003-10-20"	1.12
"2003-10-21"	1.12
"2003-10-22"	1.12
"2003-10-23"	1.12
"2003-10-24"	1.12
"2003-10-27"	1.12
"2003-10-28"	1.12
"2003-10-29"	1.12
"2003-10-30"	1.12
"2003-10-31"	1.12
"2003-11-03"	1.12
"2003-11-04"	1.12
"2003-11-05"	1.12
"2003-11-06"	1.12
"2003-11-07"	1.12
"2003-11-10"	1.12
"2003-11-11"	1.12
"2003-11-12"	1.12
"2003-11-13"	1.12
"2003-11-14"	1.12
"2003-11-17"	1.12
"2003-11-18"	1.12
"2003-11-19"	1.12
"2003-11-20"	1.11875
"2003-11-21"	1.11875
"2003-11-24"	1.1175
"2003-11-25"	1.11875
"2003-11-26"	1.11875
"2003-11-27"	1.17
"2003-11-28"	1.17
"2003-12-01"	1.17
"2003-12-02"	1.17
"2003-12-03"	1.17
"2003-12-04"	1.17
"2003-12-05"	1.17
"2003-12-08"	1.17
"2003-12-09"	1.16875
"2003-12-10"	1.16875
"2003-12-11"	1.1625
"2003-12-12"	1.15438
"2003-12-15"	1.15
"2003-12-16"	1.15
"2003-12-17"	1.15
"2003-12-18"	1.14875
"2003-12-19"	1.14625
"2003-12-22"	1.14125
"2003-12-23"	1.14125
"2003-12-24"	1.14
"2003-12-29"	1.13375
"2003-12-30"	1.12
"2003-12-31"	1.12
"2004-01-02"	1.12
"2004-01-05"	1.12
"2004-01-06"	1.12
"2004-01-07"	1.11
"2004-01-08"	1.11
"2004-01-09"	1.11
"2004-01-12"	1.1
"2004-01-13"	1.1
"2004-01-14"	1.1
"2004-01-15"	1.1
"2004-01-16"	1.1
"2004-01-19"	1.1
"2004-01-20"	1.1
"2004-01-21"	1.1
"2004-01-22"	1.1
"2004-01-23"	1.1
"2004-01-26"	1.1
"2004-01-27"	1.1
"2004-01-28"	1.1
"2004-01-29"	1.1
"2004-01-30"	1.1
"2004-02-02"	1.1
"2004-02-03"	1.1
"2004-02-04"	1.09875
"2004-02-05"	1.09875
"2004-02-06"	1.1
"2004-02-09"	1.1
"2004-02-10"	1.09875
"2004-02-11"	1.09875
"2004-02-12"	1.09438
"2004-02-13"	1.09375
"2004-02-16"	1.09375
"2004-02-17"	1.09125
"2004-02-18"	1.09125
"2004-02-19"	1.09125
"2004-02-20"	1.09
"2004-02-23"	1.09
"2004-02-24"	1.09
"2004-02-25"	1.09
"2004-02-26"	1.09625
"2004-02-27"	1.0975
"2004-03-01"	1.1
"2004-03-02"	1.1
"2004-03-03"	1.1
"2004-03-04"	1.1
"2004-03-05"	1.1
"2004-03-08"	1.0925
"2004-03-09"	1.09
"2004-03-10"	1.09
"2004-03-11"	1.09
"2004-03-12"	1.09
"2004-03-15"	1.09
"2004-03-16"	1.09
"2004-03-17"	1.09
"2004-03-18"	1.09
"2004-03-19"	1.09
"2004-03-22"	1.09
"2004-03-23"	1.09
"2004-03-24"	1.09
"2004-03-25"	1.09
"2004-03-26"	1.09
"2004-03-29"	1.09
"2004-03-30"	1.09
"2004-03-31"	1.09
"2004-04-01"	1.09
"2004-04-02"	1.09
"2004-04-05"	1.1
"2004-04-06"	1.1
"2004-04-07"	1.1
"2004-04-08"	1.1
"2004-04-13"	1.1
"2004-04-14"	1.1
"2004-04-15"	1.1
"2004-04-16"	1.1
"2004-04-19"	1.1
"2004-04-20"	1.1
"2004-04-21"	1.1
"2004-04-22"	1.1
"2004-04-23"	1.1
"2004-04-26"	1.1
"2004-04-27"	1.1
"2004-04-28"	1.1
"2004-04-29"	1.1
"2004-04-30"	1.1
"2004-05-04"	1.1
"2004-05-05"	1.1
"2004-05-06"	1.1
"2004-05-07"	1.1
"2004-05-10"	1.1
"2004-05-11"	1.1
"2004-05-12"	1.1
"2004-05-13"	1.1
"2004-05-14"	1.1
"2004-05-17"	1.1
"2004-05-18"	1.1
"2004-05-19"	1.1
"2004-05-20"	1.1
"2004-05-21"	1.1
"2004-05-24"	1.1
"2004-05-25"	1.1
"2004-05-26"	1.1
"2004-05-27"	1.11
"2004-05-28"	1.11375
"2004-06-01"	1.125
"2004-06-02"	1.13125
"2004-06-03"	1.15
"2004-06-04"	1.16
"2004-06-07"	1.17
"2004-06-08"	1.17875
"2004-06-09"	1.19
"2004-06-10"	1.21125
"2004-06-11"	1.23875
"2004-06-14"	1.2525
"2004-06-15"	1.27875
"2004-06-16"	1.26375
"2004-06-17"	1.28
"2004-06-18"	1.28
"2004-06-21"	1.285
"2004-06-22"	1.29125
"2004-06-23"	1.3
"2004-06-24"	1.32
"2004-06-25"	1.33
"2004-06-28"	1.34
"2004-06-29"	1.36
"2004-06-30"	1.36875
"2004-07-01"	1.36125
"2004-07-02"	1.36
"2004-07-05"	1.35125
"2004-07-06"	1.35063
"2004-07-07"	1.35
"2004-07-08"	1.36313
"2004-07-09"	1.36688
"2004-07-12"	1.38
"2004-07-13"	1.38
"2004-07-14"	1.39
"2004-07-15"	1.41
"2004-07-16"	1.42
"2004-07-19"	1.42
"2004-07-20"	1.42625
"2004-07-21"	1.43313
"2004-07-22"	1.45
"2004-07-23"	1.45
"2004-07-26"	1.46188
"2004-07-27"	1.47
"2004-07-28"	1.48
"2004-07-29"	1.49188
"2004-07-30"	1.50375
"2004-08-02"	1.51375
"2004-08-03"	1.525
"2004-08-04"	1.54
"2004-08-05"	1.5625
"2004-08-06"	1.57375
"2004-08-09"	1.56875
"2004-08-10"	1.57875
"2004-08-11"	1.6
"2004-08-12"	1.6
"2004-08-13"	1.6
"2004-08-16"	1.6
"2004-08-17"	1.6
"2004-08-18"	1.6
"2004-08-19"	1.61
"2004-08-20"	1.61
"2004-08-23"	1.615
"2004-08-24"	1.625
"2004-08-25"	1.63
"2004-08-26"	1.64
"2004-08-27"	1.65
"2004-08-31"	1.67
"2004-09-01"	1.67
"2004-09-02"	1.68625
"2004-09-03"	1.69625
"2004-09-06"	1.7225
"2004-09-07"	1.7375
"2004-09-08"	1.74
"2004-09-09"	1.75
"2004-09-10"	1.7575
"2004-09-13"	1.76
"2004-09-14"	1.77875
"2004-09-15"	1.7875
"2004-09-16"	1.81125
"2004-09-17"	1.82
"2004-09-20"	1.8275
"2004-09-21"	1.8325
"2004-09-22"	1.84
"2004-09-23"	1.84
"2004-09-24"	1.84
"2004-09-27"	1.84
"2004-09-28"	1.84
"2004-09-29"	1.84
"2004-09-30"	1.84
"2004-10-01"	1.84
"2004-10-04"	1.84
"2004-10-05"	1.84
"2004-10-06"	1.84
"2004-10-07"	1.85625
"2004-10-08"	1.85813
"2004-10-11"	1.8625
"2004-10-12"	1.8675
"2004-10-13"	1.87
"2004-10-14"	1.88875
"2004-10-15"	1.89
"2004-10-18"	1.91
"2004-10-19"	1.91
"2004-10-20"	1.91
"2004-10-21"	1.9325
"2004-10-22"	1.94
"2004-10-25"	1.95125
"2004-10-26"	1.95875
"2004-10-27"	1.96
"2004-10-28"	1.99
"2004-10-29"	2
"2004-11-01"	2.01625
"2004-11-02"	2.03938
"2004-11-03"	2.05
"2004-11-04"	2.06125
"2004-11-05"	2.07
"2004-11-08"	2.08688
"2004-11-09"	2.09125
"2004-11-10"	2.09
"2004-11-11"	2.1
"2004-11-12"	2.10125
"2004-11-15"	2.11
"2004-11-16"	2.1275
"2004-11-17"	2.13
"2004-11-18"	2.14
"2004-11-19"	2.15
"2004-11-22"	2.16
"2004-11-23"	2.18
"2004-11-24"	2.18063
"2004-11-25"	2.19375
"2004-11-26"	2.2075
"2004-11-29"	2.28
"2004-11-30"	2.29
"2004-12-01"	2.30625
"2004-12-02"	2.33125
"2004-12-03"	2.34
"2004-12-06"	2.35
"2004-12-07"	2.36
"2004-12-08"	2.37
"2004-12-09"	2.39
"2004-12-10"	2.3975
"2004-12-13"	2.4025
"2004-12-14"	2.40688
"2004-12-15"	2.41
"2004-12-16"	2.41
"2004-12-17"	2.4125
"2004-12-20"	2.41313
"2004-12-21"	2.415
"2004-12-22"	2.41688
"2004-12-23"	2.4175
"2004-12-24"	2.42
"2004-12-29"	2.42
"2004-12-30"	2.39
"2004-12-31"	2.4
"2005-01-04"	2.4
"2005-01-05"	2.4
"2005-01-06"	2.42
"2005-01-07"	2.43
"2005-01-10"	2.44
"2005-01-11"	2.4425
"2005-01-12"	2.45
"2005-01-13"	2.48
"2005-01-14"	2.48
"2005-01-17"	2.5
"2005-01-18"	2.5
"2005-01-19"	2.50375
"2005-01-20"	2.52
"2005-01-21"	2.53
"2005-01-24"	2.54438
"2005-01-25"	2.55
"2005-01-26"	2.55875
"2005-01-27"	2.5775
"2005-01-28"	2.59
"2005-01-31"	2.59
"2005-02-01"	2.59
"2005-02-02"	2.59
"2005-02-03"	2.59
"2005-02-04"	2.59
"2005-02-07"	2.59
"2005-02-08"	2.59
"2005-02-09"	2.59
"2005-02-10"	2.59
"2005-02-11"	2.59
"2005-02-14"	2.59
"2005-02-15"	2.59
"2005-02-16"	2.59
"2005-02-17"	2.59813
"2005-02-18"	2.59938
"2005-02-21"	2.61
"2005-02-22"	2.62
"2005-02-23"	2.65
"2005-02-24"	2.67
"2005-02-25"	2.69
"2005-02-28"	2.71625
"2005-03-01"	2.72
"2005-03-02"	2.72
"2005-03-03"	2.74563
"2005-03-04"	2.75
"2005-03-07"	2.76
"2005-03-08"	2.77
"2005-03-09"	2.77125
"2005-03-10"	2.8
"2005-03-11"	2.81
"2005-03-14"	2.82
"2005-03-15"	2.83
"2005-03-16"	2.83375
"2005-03-17"	2.85
"2005-03-18"	2.85
"2005-03-21"	2.85
"2005-03-22"	2.85
"2005-03-23"	2.85
"2005-03-24"	2.85
"2005-03-29"	2.85
"2005-03-30"	2.86
"2005-03-31"	2.87
"2005-04-01"	2.87
"2005-04-04"	2.87063
"2005-04-05"	2.89
"2005-04-06"	2.89125
"2005-04-07"	2.91
"2005-04-08"	2.92
"2005-04-11"	2.93
"2005-04-12"	2.95
"2005-04-13"	2.95375
"2005-04-14"	2.97
"2005-04-15"	2.98
"2005-04-18"	2.99
"2005-04-19"	3
"2005-04-20"	3.00063
"2005-04-21"	3.02
"2005-04-22"	3.03
"2005-04-25"	3.04
"2005-04-26"	3.06
"2005-04-27"	3.06438
"2005-04-28"	3.08125
"2005-04-29"	3.08875
"2005-05-03"	3.09
"2005-05-04"	3.09
"2005-05-05"	3.09
"2005-05-06"	3.09
"2005-05-09"	3.09
"2005-05-10"	3.09
"2005-05-11"	3.09
"2005-05-12"	3.09
"2005-05-13"	3.09
"2005-05-16"	3.09
"2005-05-17"	3.09
"2005-05-18"	3.09
"2005-05-19"	3.09
"2005-05-20"	3.09
"2005-05-23"	3.09
"2005-05-24"	3.09
"2005-05-25"	3.09063
"2005-05-26"	3.10063
"2005-05-27"	3.11125
"2005-05-31"	3.13
"2005-06-01"	3.14
"2005-06-02"	3.15
"2005-06-03"	3.16
"2005-06-06"	3.17
"2005-06-07"	3.18375
"2005-06-08"	3.19
"2005-06-09"	3.21
"2005-06-10"	3.21625
"2005-06-13"	3.22
"2005-06-14"	3.23625
"2005-06-15"	3.24
"2005-06-16"	3.26
"2005-06-17"	3.27
"2005-06-20"	3.28
"2005-06-21"	3.3
"2005-06-22"	3.3
"2005-06-23"	3.31438
"2005-06-24"	3.32
"2005-06-27"	3.32563
"2005-06-28"	3.33
"2005-06-29"	3.34
"2005-06-30"	3.34
"2005-07-01"	3.34
"2005-07-04"	3.34
"2005-07-05"	3.34
"2005-07-06"	3.34
"2005-07-07"	3.35
"2005-07-08"	3.36
"2005-07-11"	3.38
"2005-07-12"	3.38
"2005-07-13"	3.38813
"2005-07-14"	3.40875
"2005-07-15"	3.41688
"2005-07-18"	3.43
"2005-07-19"	3.4325
"2005-07-20"	3.43813
"2005-07-21"	3.46
"2005-07-22"	3.46375
"2005-07-25"	3.48
"2005-07-26"	3.48125
"2005-07-27"	3.49
"2005-07-28"	3.51
"2005-07-29"	3.51875
"2005-08-01"	3.53375
"2005-08-02"	3.54
"2005-08-03"	3.55
"2005-08-04"	3.55875
"2005-08-05"	3.56
"2005-08-08"	3.57
"2005-08-09"	3.57063
"2005-08-10"	3.57
"2005-08-11"	3.57125
"2005-08-12"	3.5725
"2005-08-15"	3.5825
"2005-08-16"	3.58813
"2005-08-17"	3.59
"2005-08-18"	3.60938
"2005-08-19"	3.62
"2005-08-22"	3.64
"2005-08-23"	3.64125
"2005-08-24"	3.64063
"2005-08-25"	3.66938
"2005-08-26"	3.67
"2005-08-30"	3.69313
"2005-08-31"	3.7
"2005-09-01"	3.71625
"2005-09-02"	3.68
"2005-09-05"	3.68938
"2005-09-06"	3.7025
"2005-09-07"	3.70438
"2005-09-08"	3.72813
"2005-09-09"	3.74
"2005-09-12"	3.75
"2005-09-13"	3.76813
"2005-09-14"	3.77188
"2005-09-15"	3.78938
"2005-09-16"	3.79625
"2005-09-19"	3.81188
"2005-09-20"	3.81875
"2005-09-21"	3.83
"2005-09-22"	3.83
"2005-09-23"	3.83
"2005-09-26"	3.8375
"2005-09-27"	3.84
"2005-09-28"	3.84063
"2005-09-29"	3.86
"2005-09-30"	3.86375
"2005-10-03"	3.88
"2005-10-04"	3.89
"2005-10-05"	3.89
"2005-10-06"	3.93538
"2005-10-07"	3.94
"2005-10-10"	3.94
"2005-10-11"	3.94125
"2005-10-12"	3.94563
"2005-10-13"	3.97
"2005-10-14"	3.98
"2005-10-17"	3.99688
"2005-10-18"	4
"2005-10-19"	4.00313
"2005-10-20"	4.03125
"2005-10-21"	4.0375
"2005-10-24"	4.05125
"2005-10-25"	4.06
"2005-10-26"	4.07
"2005-10-27"	4.08125
"2005-10-28"	4.08875
"2005-10-31"	4.09
"2005-11-01"	4.09
"2005-11-02"	4.09
"2005-11-03"	4.09
"2005-11-04"	4.09
"2005-11-07"	4.09
"2005-11-08"	4.1
"2005-11-09"	4.11375
"2005-11-10"	4.115
"2005-11-11"	4.12
"2005-11-14"	4.12125
"2005-11-15"	4.14
"2005-11-16"	4.14
"2005-11-17"	4.15938
"2005-11-18"	4.16563
"2005-11-21"	4.17
"2005-11-22"	4.19375
"2005-11-23"	4.19125
"2005-11-24"	4.2
"2005-11-25"	4.21
"2005-11-28"	4.22
"2005-11-29"	4.29063
"2005-11-30"	4.29375
"2005-12-01"	4.31125
"2005-12-02"	4.32
"2005-12-05"	4.33125
"2005-12-06"	4.33938
"2005-12-07"	4.34
"2005-12-08"	4.36
"2005-12-09"	4.36188
"2005-12-12"	4.3675
"2005-12-13"	4.36938
"2005-12-14"	4.37
"2005-12-15"	4.37
"2005-12-16"	4.37
"2005-12-19"	4.37
"2005-12-20"	4.37
"2005-12-21"	4.37
"2005-12-22"	4.37875
"2005-12-23"	4.38
"2005-12-28"	4.38875
"2005-12-29"	4.385
"2005-12-30"	4.39
"2006-01-03"	4.3975
"2006-01-04"	4.4
"2006-01-05"	4.41875
"2006-01-06"	4.42
"2006-01-09"	4.43688
"2006-01-10"	4.44
"2006-01-11"	4.44163
"2006-01-12"	4.47
"2006-01-13"	4.47
"2006-01-16"	4.48
"2006-01-17"	4.48313
"2006-01-18"	4.49
"2006-01-19"	4.51
"2006-01-20"	4.51938
"2006-01-23"	4.53
"2006-01-24"	4.53375
"2006-01-25"	4.54
"2006-01-26"	4.56
"2006-01-27"	4.56813
"2006-01-30"	4.57
"2006-01-31"	4.57
"2006-02-01"	4.57063
"2006-02-02"	4.57038
"2006-02-03"	4.57
"2006-02-06"	4.57
"2006-02-07"	4.57
"2006-02-08"	4.57
"2006-02-09"	4.57
"2006-02-10"	4.57
"2006-02-13"	4.57
"2006-02-14"	4.57
"2006-02-15"	4.57
"2006-02-16"	4.57
"2006-02-17"	4.57
"2006-02-20"	4.57
"2006-02-21"	4.57
"2006-02-22"	4.57125
"2006-02-23"	4.58063
"2006-02-24"	4.605
"2006-02-27"	4.63
"2006-02-28"	4.63313
"2006-03-01"	4.64
"2006-03-02"	4.66063
"2006-03-03"	4.67
"2006-03-06"	4.69
"2006-03-07"	4.69125
"2006-03-08"	4.69813
"2006-03-09"	4.72
"2006-03-10"	4.74
"2006-03-13"	4.74875
"2006-03-14"	4.75094
"2006-03-15"	4.7525
"2006-03-16"	4.77625
"2006-03-17"	4.78
"2006-03-20"	4.79375
"2006-03-21"	4.8
"2006-03-22"	4.80938
"2006-03-23"	4.81813
"2006-03-24"	4.82063
"2006-03-27"	4.82188
"2006-03-28"	4.8225
"2006-03-29"	4.82875
"2006-03-30"	4.82563
"2006-03-31"	4.82938
"2006-04-03"	4.83
"2006-04-04"	4.8375
"2006-04-05"	4.84
"2006-04-06"	4.84875
"2006-04-07"	4.85188
"2006-04-10"	4.86
"2006-04-11"	4.88
"2006-04-12"	4.90125
"2006-04-13"	4.91
"2006-04-18"	4.9225
"2006-04-19"	4.92938
"2006-04-20"	4.95
"2006-04-21"	4.95938
"2006-04-24"	4.97
"2006-04-25"	4.98938
"2006-04-26"	5
"2006-04-27"	5.0225
"2006-04-28"	5.04
"2006-05-02"	5.05188
"2006-05-03"	5.05875
"2006-05-04"	5.06913
"2006-05-05"	5.07563
"2006-05-08"	5.08
"2006-05-09"	5.08
"2006-05-10"	5.08
"2006-05-11"	5.08063
"2006-05-12"	5.08063
"2006-05-15"	5.08063
"2006-05-16"	5.08063
"2006-05-17"	5.08
"2006-05-18"	5.08063
"2006-05-19"	5.08
"2006-05-22"	5.08063
"2006-05-23"	5.08125
"2006-05-24"	5.08125
"2006-05-25"	5.09063
"2006-05-26"	5.0925
"2006-05-30"	5.10906
"2006-05-31"	5.11063
"2006-06-01"	5.12938
"2006-06-02"	5.1375
"2006-06-05"	5.13
"2006-06-06"	5.14475
"2006-06-07"	5.15
"2006-06-08"	5.17
"2006-06-09"	5.17625
"2006-06-12"	5.18375
"2006-06-13"	5.19875
"2006-06-14"	5.20813
"2006-06-15"	5.25188
"2006-06-16"	5.26688
"2006-06-19"	5.27938
"2006-06-20"	5.29438
"2006-06-21"	5.30219
"2006-06-22"	5.3225
"2006-06-23"	5.335
"2006-06-26"	5.34063
"2006-06-27"	5.35
"2006-06-28"	5.35
"2006-06-29"	5.34625
"2006-06-30"	5.33438
"2006-07-03"	5.33375
"2006-07-04"	5.33438
"2006-07-05"	5.33688
"2006-07-06"	5.345
"2006-07-07"	5.34938
"2006-07-10"	5.35563
"2006-07-11"	5.35688
"2006-07-12"	5.35875
"2006-07-13"	5.36875
"2006-07-14"	5.36875
"2006-07-17"	5.37
"2006-07-18"	5.37813
"2006-07-19"	5.38913
"2006-07-20"	5.4
"2006-07-21"	5.385
"2006-07-24"	5.39375
"2006-07-25"	5.39813
"2006-07-26"	5.4
"2006-07-27"	5.4
"2006-07-28"	5.40188
"2006-07-31"	5.39063
"2006-08-01"	5.39
"2006-08-02"	5.39563
"2006-08-03"	5.40625
"2006-08-04"	5.42
"2006-08-07"	5.36813
"2006-08-08"	5.37
"2006-08-09"	5.33
"2006-08-10"	5.33
"2006-08-11"	5.33
"2006-08-14"	5.33
"2006-08-15"	5.33
"2006-08-16"	5.33
"2006-08-17"	5.325
"2006-08-18"	5.32563
"2006-08-21"	5.32438
"2006-08-22"	5.32563
"2006-08-23"	5.32438
"2006-08-24"	5.32813
"2006-08-25"	5.33
"2006-08-29"	5.33
"2006-08-30"	5.33
"2006-08-31"	5.33
"2006-09-01"	5.33
"2006-09-04"	5.33
"2006-09-05"	5.33
"2006-09-06"	5.33
"2006-09-07"	5.33
"2006-09-08"	5.33
"2006-09-11"	5.33
"2006-09-12"	5.33
"2006-09-13"	5.33
"2006-09-14"	5.33
"2006-09-15"	5.33
"2006-09-18"	5.33
"2006-09-19"	5.33
"2006-09-20"	5.33
"2006-09-21"	5.33
"2006-09-22"	5.32625
"2006-09-25"	5.326
"2006-09-26"	5.32375
"2006-09-27"	5.32438
"2006-09-28"	5.3225
"2006-09-29"	5.32188
"2006-10-02"	5.3225
"2006-10-03"	5.32125
"2006-10-04"	5.32
"2006-10-05"	5.32
"2006-10-06"	5.32
"2006-10-09"	5.32
"2006-10-10"	5.32
"2006-10-11"	5.32
"2006-10-12"	5.32
"2006-10-13"	5.32
"2006-10-16"	5.32
"2006-10-17"	5.32
"2006-10-18"	5.32
"2006-10-19"	5.32
"2006-10-20"	5.32
"2006-10-23"	5.32
"2006-10-24"	5.32
"2006-10-25"	5.32
"2006-10-26"	5.32
"2006-10-27"	5.32
"2006-10-30"	5.32
"2006-10-31"	5.32
"2006-11-01"	5.32
"2006-11-02"	5.32
"2006-11-03"	5.32
"2006-11-06"	5.32
"2006-11-07"	5.32
"2006-11-08"	5.32
"2006-11-09"	5.32
"2006-11-10"	5.32
"2006-11-13"	5.32
"2006-11-14"	5.32
"2006-11-15"	5.32
"2006-11-16"	5.32
"2006-11-17"	5.32
"2006-11-20"	5.32
"2006-11-21"	5.32
"2006-11-22"	5.32
"2006-11-23"	5.32
"2006-11-24"	5.32
"2006-11-27"	5.32
"2006-11-28"	5.32
"2006-11-29"	5.34938
"2006-11-30"	5.35
"2006-12-01"	5.35
"2006-12-04"	5.35
"2006-12-05"	5.35
"2006-12-06"	5.35
"2006-12-07"	5.35
"2006-12-08"	5.35
"2006-12-11"	5.35
"2006-12-12"	5.35
"2006-12-13"	5.35
"2006-12-14"	5.35
"2006-12-15"	5.35
"2006-12-18"	5.35
"2006-12-19"	5.35
"2006-12-20"	5.35
"2006-12-21"	5.35
"2006-12-22"	5.35
"2006-12-27"	5.35
"2006-12-28"	5.32563
"2006-12-29"	5.32188
"2007-01-02"	5.32063
"2007-01-03"	5.32
"2007-01-04"	5.32
"2007-01-05"	5.32
"2007-01-08"	5.32
"2007-01-09"	5.32
"2007-01-10"	5.32
"2007-01-11"	5.32
"2007-01-12"	5.32
"2007-01-15"	5.32
"2007-01-16"	5.32
"2007-01-17"	5.32
"2007-01-18"	5.32
"2007-01-19"	5.32
"2007-01-22"	5.32
"2007-01-23"	5.32
"2007-01-24"	5.32
"2007-01-25"	5.32
"2007-01-26"	5.32
"2007-01-29"	5.32
"2007-01-30"	5.32
"2007-01-31"	5.32
"2007-02-01"	5.32
"2007-02-02"	5.32
"2007-02-05"	5.32
"2007-02-06"	5.32
"2007-02-07"	5.32
"2007-02-08"	5.32
"2007-02-09"	5.32
"2007-02-12"	5.32
"2007-02-13"	5.32
"2007-02-14"	5.32
"2007-02-15"	5.32
"2007-02-16"	5.32
"2007-02-19"	5.32
"2007-02-20"	5.32
"2007-02-21"	5.32
"2007-02-22"	5.32
"2007-02-23"	5.32
"2007-02-26"	5.32
"2007-02-27"	5.32
"2007-02-28"	5.32
"2007-03-01"	5.32
"2007-03-02"	5.32
"2007-03-05"	5.31913
"2007-03-06"	5.32
"2007-03-07"	5.32
"2007-03-08"	5.32
"2007-03-09"	5.32
"2007-03-12"	5.32
"2007-03-13"	5.32
"2007-03-14"	5.32
"2007-03-15"	5.32
"2007-03-16"	5.32
"2007-03-19"	5.32
"2007-03-20"	5.32
"2007-03-21"	5.32
"2007-03-22"	5.32
"2007-03-23"	5.32
"2007-03-26"	5.32
"2007-03-27"	5.32
"2007-03-28"	5.32
"2007-03-29"	5.32
"2007-03-30"	5.32
"2007-04-02"	5.32
"2007-04-03"	5.32
"2007-04-04"	5.32
"2007-04-05"	5.32
"2007-04-10"	5.32
"2007-04-11"	5.32
"2007-04-12"	5.32
"2007-04-13"	5.32
"2007-04-16"	5.32
"2007-04-17"	5.32
"2007-04-18"	5.32
"2007-04-19"	5.32
"2007-04-20"	5.32
"2007-04-23"	5.32
"2007-04-24"	5.32
"2007-04-25"	5.32
"2007-04-26"	5.32
"2007-04-27"	5.32
"2007-04-30"	5.32
"2007-05-01"	5.32
"2007-05-02"	5.32
"2007-05-03"	5.32
"2007-05-04"	5.32
"2007-05-08"	5.32
"2007-05-09"	5.32
"2007-05-10"	5.32
"2007-05-11"	5.32
"2007-05-14"	5.32
"2007-05-15"	5.32
"2007-05-16"	5.32
"2007-05-17"	5.32
"2007-05-18"	5.32
"2007-05-21"	5.32
"2007-05-22"	5.32
"2007-05-23"	5.32
"2007-05-24"	5.32
"2007-05-25"	5.32
"2007-05-29"	5.32
"2007-05-30"	5.32
"2007-05-31"	5.32
"2007-06-01"	5.32
"2007-06-04"	5.32
"2007-06-05"	5.32
"2007-06-06"	5.32
"2007-06-07"	5.32
"2007-06-08"	5.32
"2007-06-11"	5.32
"2007-06-12"	5.32
"2007-06-13"	5.32
"2007-06-14"	5.32
"2007-06-15"	5.32
"2007-06-18"	5.32
"2007-06-19"	5.32
"2007-06-20"	5.32
"2007-06-21"	5.32
"2007-06-22"	5.32
"2007-06-25"	5.32
"2007-06-26"	5.32
"2007-06-27"	5.32
"2007-06-28"	5.32
"2007-06-29"	5.32
"2007-07-02"	5.32
"2007-07-03"	5.32
"2007-07-04"	5.32
"2007-07-05"	5.32
"2007-07-06"	5.32
"2007-07-09"	5.32
"2007-07-10"	5.32
"2007-07-11"	5.32
"2007-07-12"	5.32
"2007-07-13"	5.32
"2007-07-16"	5.32
"2007-07-17"	5.32
"2007-07-18"	5.32
"2007-07-19"	5.32
"2007-07-20"	5.32
"2007-07-23"	5.32
"2007-07-24"	5.32
"2007-07-25"	5.32
"2007-07-26"	5.32
"2007-07-27"	5.32
"2007-07-30"	5.32
"2007-07-31"	5.32
"2007-08-01"	5.3275
"2007-08-02"	5.33
"2007-08-03"	5.33
"2007-08-06"	5.33
"2007-08-07"	5.33
"2007-08-08"	5.35
"2007-08-09"	5.54125
"2007-08-10"	5.61875
"2007-08-13"	5.61125
"2007-08-14"	5.58875
"2007-08-15"	5.56938
"2007-08-16"	5.5375
"2007-08-17"	5.51
"2007-08-20"	5.50125
"2007-08-21"	5.5
"2007-08-22"	5.5
"2007-08-23"	5.505
"2007-08-24"	5.5025
"2007-08-28"	5.5075
"2007-08-29"	5.565
"2007-08-30"	5.665
"2007-08-31"	5.72
"2007-09-03"	5.765
"2007-09-04"	5.7975
"2007-09-05"	5.81875
"2007-09-06"	5.82
"2007-09-07"	5.82375
"2007-09-10"	5.80625
"2007-09-11"	5.80313
"2007-09-12"	5.8
"2007-09-13"	5.7525
"2007-09-14"	5.61375
"2007-09-17"	5.5025
"2007-09-18"	5.49625
"2007-09-19"	5.14875
"2007-09-20"	5.13625
"2007-09-21"	5.13125
"2007-09-24"	5.12875
"2007-09-25"	5.12875
"2007-09-26"	5.12875
"2007-09-27"	5.1275
"2007-09-28"	5.12375
"2007-10-01"	5.12063
"2007-10-02"	5.12625
"2007-10-03"	5.125
"2007-10-04"	5.125
"2007-10-05"	5.12188
"2007-10-08"	5.12
"2007-10-09"	5.11625
"2007-10-10"	5.11
"2007-10-11"	5.09125
"2007-10-12"	5.06
"2007-10-15"	5.045
"2007-10-16"	5.035
"2007-10-17"	5.02125
"2007-10-18"	4.9975
"2007-10-19"	4.95
"2007-10-22"	4.8925
"2007-10-23"	4.8725
"2007-10-24"	4.85625
"2007-10-25"	4.81875
"2007-10-26"	4.7925
"2007-10-29"	4.7525
"2007-10-30"	4.71625
"2007-10-31"	4.70625
"2007-11-01"	4.6875
"2007-11-02"	4.6775
"2007-11-05"	4.6675
"2007-11-06"	4.66688
"2007-11-07"	4.665
"2007-11-08"	4.66
"2007-11-09"	4.65938
"2007-11-12"	4.65313
"2007-11-13"	4.65188
"2007-11-14"	4.65813
"2007-11-15"	4.68625
"2007-11-16"	4.74
"2007-11-19"	4.7675
"2007-11-20"	4.78
"2007-11-21"	4.78313
"2007-11-22"	4.78875
"2007-11-23"	4.79313
"2007-11-26"	4.8
"2007-11-27"	4.80875
"2007-11-28"	4.82188
"2007-11-29"	5.225
"2007-11-30"	5.23625
"2007-12-03"	5.24563
"2007-12-04"	5.25188
"2007-12-05"	5.25
"2007-12-06"	5.2425
"2007-12-07"	5.2375
"2007-12-10"	5.23188
"2007-12-11"	5.20375
"2007-12-12"	5.1025
"2007-12-13"	5.0275
"2007-12-14"	4.99625
"2007-12-17"	4.965
"2007-12-18"	4.94875
"2007-12-19"	4.93188
"2007-12-20"	4.89625
"2007-12-21"	4.865
"2007-12-24"	4.855
"2007-12-27"	4.845
"2007-12-28"	4.63125
"2007-12-31"	4.6
"2008-01-02"	4.57
"2008-01-03"	4.54
"2008-01-04"	4.515
"2008-01-07"	4.44125
"2008-01-08"	4.41125
"2008-01-09"	4.37063
"2008-01-10"	4.31938
"2008-01-11"	4.23625
"2008-01-14"	4.08125
"2008-01-15"	4.0225
"2008-01-16"	3.98938
"2008-01-17"	3.95875
"2008-01-18"	3.93438
"2008-01-21"	3.9025
"2008-01-22"	3.77375
"2008-01-23"	3.37625
"2008-01-24"	3.285
"2008-01-25"	3.3125
"2008-01-28"	3.28125
"2008-01-29"	3.27125
"2008-01-30"	3.26375
"2008-01-31"	3.14375
"2008-02-01"	3.14125
"2008-02-04"	3.18125
"2008-02-05"	3.21813
"2008-02-06"	3.1925
"2008-02-07"	3.165
"2008-02-08"	3.15375
"2008-02-11"	3.13875
"2008-02-12"	3.1275
"2008-02-13"	3.12125
"2008-02-14"	3.11625
"2008-02-15"	3.11875
"2008-02-18"	3.11375
"2008-02-19"	3.11063
"2008-02-20"	3.1175
"2008-02-21"	3.135
"2008-02-22"	3.12
"2008-02-25"	3.12375
"2008-02-26"	3.125
"2008-02-27"	3.12188
"2008-02-28"	3.11938
"2008-02-29"	3.11063
"2008-03-03"	3.08625
"2008-03-04"	3.08
"2008-03-05"	3.075
"2008-03-06"	3.05813
"2008-03-07"	3
"2008-03-10"	2.935
"2008-03-11"	2.89
"2008-03-12"	2.86125
"2008-03-13"	2.8175
"2008-03-14"	2.775
"2008-03-17"	2.55875
"2008-03-18"	2.53563
"2008-03-19"	2.59875
"2008-03-20"	2.60625
"2008-03-25"	2.65375
"2008-03-26"	2.6775
"2008-03-27"	2.70375
"2008-03-28"	2.70875
"2008-03-31"	2.70313
"2008-04-01"	2.7
"2008-04-02"	2.71
"2008-04-03"	2.74125
"2008-04-04"	2.73875
"2008-04-07"	2.72438
"2008-04-08"	2.72156
"2008-04-09"	2.72688
"2008-04-10"	2.7175
"2008-04-11"	2.71594
"2008-04-14"	2.71313
"2008-04-15"	2.71625
"2008-04-16"	2.73219
"2008-04-17"	2.8
"2008-04-18"	2.87375
"2008-04-21"	2.8975
"2008-04-22"	2.895
"2008-04-23"	2.895
"2008-04-24"	2.88625
"2008-04-25"	2.88125
"2008-04-28"	2.8625
"2008-04-29"	2.8275
"2008-04-30"	2.8025
"2008-05-01"	2.72375
"2008-05-02"	2.6975
"2008-05-06"	2.67375
"2008-05-07"	2.62125
"2008-05-08"	2.59
"2008-05-09"	2.55
"2008-05-12"	2.52938
"2008-05-13"	2.51438
"2008-05-14"	2.505
"2008-05-15"	2.4975
"2008-05-16"	2.47875
"2008-05-19"	2.45125
"2008-05-20"	2.43
"2008-05-21"	2.40438
"2008-05-22"	2.3925
"2008-05-23"	2.3825
"2008-05-27"	2.37875
"2008-05-28"	2.38125
"2008-05-29"	2.45938
"2008-05-30"	2.4575
"2008-06-02"	2.45563
"2008-06-03"	2.45125
"2008-06-04"	2.45
"2008-06-05"	2.44813
"2008-06-06"	2.44938
"2008-06-09"	2.44813
"2008-06-10"	2.475
"2008-06-11"	2.47688
"2008-06-12"	2.47125
"2008-06-13"	2.48188
"2008-06-16"	2.48125
"2008-06-17"	2.4825
"2008-06-18"	2.48188
"2008-06-19"	2.48125
"2008-06-20"	2.48125
"2008-06-23"	2.4825
"2008-06-24"	2.48188
"2008-06-25"	2.4825
"2008-06-26"	2.4825
"2008-06-27"	2.47063
"2008-06-30"	2.4625
"2008-07-01"	2.46125
"2008-07-02"	2.4625
"2008-07-03"	2.46
"2008-07-04"	2.46125
"2008-07-07"	2.46125
"2008-07-08"	2.45875
"2008-07-09"	2.45875
"2008-07-10"	2.45625
"2008-07-11"	2.4575
"2008-07-14"	2.46
"2008-07-15"	2.45813
"2008-07-16"	2.45625
"2008-07-17"	2.45813
"2008-07-18"	2.45938
"2008-07-21"	2.46063
"2008-07-22"	2.46188
"2008-07-23"	2.46125
"2008-07-24"	2.46
"2008-07-25"	2.4575
"2008-07-28"	2.4625
"2008-07-29"	2.46313
"2008-07-30"	2.46375
"2008-07-31"	2.46125
"2008-08-01"	2.46
"2008-08-04"	2.46125
"2008-08-05"	2.4625
"2008-08-06"	2.46188
"2008-08-07"	2.46313
"2008-08-08"	2.46063
"2008-08-11"	2.46375
"2008-08-12"	2.46375
"2008-08-13"	2.46688
"2008-08-14"	2.46563
"2008-08-15"	2.46563
"2008-08-18"	2.47063
"2008-08-19"	2.47125
"2008-08-20"	2.47188
"2008-08-21"	2.47188
"2008-08-22"	2.47188
"2008-08-26"	2.47
"2008-08-27"	2.46875
"2008-08-28"	2.48625
"2008-08-29"	2.48563
"2008-09-01"	2.48563
"2008-09-02"	2.48563
"2008-09-03"	2.4875
"2008-09-04"	2.48688
"2008-09-05"	2.48688
"2008-09-08"	2.48813
"2008-09-09"	2.48875
"2008-09-10"	2.48688
"2008-09-11"	2.4875
"2008-09-12"	2.48813
"2008-09-15"	2.49688
"2008-09-16"	2.7475
"2008-09-17"	3.03
"2008-09-18"	3.1875
"2008-09-19"	3.19
"2008-09-22"	3.17625
"2008-09-23"	3.20688
"2008-09-24"	3.42875
"2008-09-25"	3.70875
"2008-09-26"	3.70375
"2008-09-29"	3.72
"2008-09-30"	3.92625
"2008-10-01"	4.0025
"2008-10-02"	4.045
"2008-10-03"	4.11
"2008-10-06"	4.0925
"2008-10-07"	4.14
"2008-10-08"	4.29375
"2008-10-09"	4.5125
"2008-10-10"	4.5875
"2008-10-13"	4.56
"2008-10-14"	4.46875
"2008-10-15"	4.35875
"2008-10-16"	4.2775
"2008-10-17"	4.18125
"2008-10-20"	3.75125
"2008-10-21"	3.5275
"2008-10-22"	3.275
"2008-10-23"	3.25875
"2008-10-24"	3.24
"2008-10-27"	3.21875
"2008-10-28"	3.17125
"2008-10-29"	3.1175
"2008-10-30"	2.85
"2008-10-31"	2.58125
"2008-11-03"	2.3575
"2008-11-04"	2.1775
"2008-11-05"	1.95625
"2008-11-06"	1.7675
"2008-11-07"	1.6225
"2008-11-10"	1.53875
"2008-11-11"	1.4775
"2008-11-12"	1.40875
"2008-11-13"	1.4225
"2008-11-14"	1.4775
"2008-11-17"	1.47375
"2008-11-18"	1.4525
"2008-11-19"	1.41375
"2008-11-20"	1.39875
"2008-11-21"	1.395
"2008-11-24"	1.41125
"2008-11-25"	1.43625
"2008-11-26"	1.43125
"2008-11-27"	1.9
"2008-11-28"	1.90125
"2008-12-01"	1.91125
"2008-12-02"	1.89875
"2008-12-03"	1.89
"2008-12-04"	1.87625
"2008-12-05"	1.8675
"2008-12-08"	1.825
"2008-12-09"	1.635
"2008-12-10"	1.43875
"2008-12-11"	1.195
"2008-12-12"	1.04
"2008-12-15"	0.96125
"2008-12-16"	0.88375
"2008-12-17"	0.58125
"2008-12-18"	0.5075
"2008-12-19"	0.47375
"2008-12-22"	0.46125
"2008-12-23"	0.47125
"2008-12-24"	0.47125
"2008-12-29"	0.46125
"2008-12-30"	0.4475
"2008-12-31"	0.43625
"2009-01-02"	0.43
"2009-01-05"	0.42875
"2009-01-06"	0.42063
"2009-01-07"	0.40625
"2009-01-08"	0.38625
"2009-01-09"	0.36625
"2009-01-12"	0.3425
"2009-01-13"	0.33313
"2009-01-14"	0.32875
"2009-01-15"	0.33375
"2009-01-16"	0.35938
"2009-01-19"	0.355
"2009-01-20"	0.3525
"2009-01-21"	0.35625
"2009-01-22"	0.38938
"2009-01-23"	0.40125
"2009-01-26"	0.40875
"2009-01-27"	0.41125
"2009-01-28"	0.40938
"2009-01-29"	0.4125
"2009-01-30"	0.41938
"2009-02-02"	0.4375
"2009-02-03"	0.445
"2009-02-04"	0.445
"2009-02-05"	0.4475
"2009-02-06"	0.44875
"2009-02-09"	0.44688
"2009-02-10"	0.44688
"2009-02-11"	0.4525
"2009-02-12"	0.455
"2009-02-13"	0.46125
"2009-02-16"	0.465
"2009-02-17"	0.46625
"2009-02-18"	0.47
"2009-02-19"	0.47313
"2009-02-20"	0.4725
"2009-02-23"	0.47375
"2009-02-24"	0.47688
"2009-02-25"	0.47875
"2009-02-26"	0.49688
"2009-02-27"	0.49625
"2009-03-02"	0.4975
"2009-03-03"	0.5075
"2009-03-04"	0.51813
"2009-03-05"	0.53313
"2009-03-06"	0.54625
"2009-03-09"	0.56438
"2009-03-10"	0.56438
"2009-03-11"	0.55688
"2009-03-12"	0.55625
"2009-03-13"	0.55563
"2009-03-16"	0.55563
"2009-03-17"	0.55625
"2009-03-18"	0.545
"2009-03-19"	0.52313
"2009-03-20"	0.52188
"2009-03-23"	0.52188
"2009-03-24"	0.52094
"2009-03-25"	0.52
"2009-03-26"	0.5225
"2009-03-27"	0.51813
"2009-03-30"	0.50875
"2009-03-31"	0.50063
"2009-04-01"	0.495
"2009-04-02"	0.48938
"2009-04-03"	0.47813
"2009-04-06"	0.47563
"2009-04-07"	0.46938
"2009-04-08"	0.46
"2009-04-09"	0.45125
"2009-04-14"	0.4525
"2009-04-15"	0.44813
"2009-04-16"	0.44688
"2009-04-17"	0.4475
"2009-04-20"	0.4425
"2009-04-21"	0.44125
"2009-04-22"	0.44
"2009-04-23"	0.4375
"2009-04-24"	0.435
"2009-04-27"	0.4325
"2009-04-28"	0.4275
"2009-04-29"	0.41813
"2009-04-30"	0.41125
"2009-05-01"	0.41438
"2009-05-05"	0.40125
"2009-05-06"	0.395
"2009-05-07"	0.38188
"2009-05-08"	0.3675
"2009-05-11"	0.35375
"2009-05-12"	0.34875
"2009-05-13"	0.34438
"2009-05-14"	0.335
"2009-05-15"	0.32813
"2009-05-18"	0.31625
"2009-05-19"	0.30938
"2009-05-20"	0.30813
"2009-05-21"	0.30875
"2009-05-22"	0.31313
"2009-05-26"	0.31625
"2009-05-27"	0.31875
"2009-05-28"	0.32
"2009-05-29"	0.31625
"2009-06-01"	0.32
"2009-06-02"	0.32
"2009-06-03"	0.31875
"2009-06-04"	0.3175
"2009-06-05"	0.32063
"2009-06-08"	0.32313
"2009-06-09"	0.32125
"2009-06-10"	0.32063
"2009-06-11"	0.31938
"2009-06-12"	0.31813
"2009-06-15"	0.31875
"2009-06-16"	0.31813
"2009-06-17"	0.31313
"2009-06-18"	0.315
"2009-06-19"	0.31688
"2009-06-22"	0.315
"2009-06-23"	0.31375
"2009-06-24"	0.31125
"2009-06-25"	0.3075
"2009-06-26"	0.31
"2009-06-29"	0.30875
"2009-06-30"	0.30875
"2009-07-01"	0.30625
"2009-07-02"	0.30438
"2009-07-03"	0.30125
"2009-07-06"	0.30188
"2009-07-07"	0.30188
"2009-07-08"	0.3
"2009-07-09"	0.29625
"2009-07-10"	0.2925
"2009-07-13"	0.28813
"2009-07-14"	0.2875
"2009-07-15"	0.2875
"2009-07-16"	0.28875
"2009-07-17"	0.28625
"2009-07-20"	0.28625
"2009-07-21"	0.285
"2009-07-22"	0.285
"2009-07-23"	0.285
"2009-07-24"	0.285
"2009-07-27"	0.2875
"2009-07-28"	0.285
"2009-07-29"	0.285
"2009-07-30"	0.28063
"2009-07-31"	0.27938
"2009-08-03"	0.27563
"2009-08-04"	0.27563
"2009-08-05"	0.27563
"2009-08-06"	0.27563
"2009-08-07"	0.27563
"2009-08-10"	0.275
"2009-08-11"	0.2745
"2009-08-12"	0.27406
"2009-08-13"	0.27281
"2009-08-14"	0.2725
"2009-08-17"	0.27875
"2009-08-18"	0.2725
"2009-08-19"	0.26875
"2009-08-20"	0.2675
"2009-08-21"	0.26563
"2009-08-24"	0.26438
"2009-08-25"	0.26281
"2009-08-26"	0.26063
"2009-08-27"	0.26125
"2009-08-28"	0.25875
"2009-09-01"	0.25625
"2009-09-02"	0.25438
"2009-09-03"	0.25313
"2009-09-04"	0.25375
"2009-09-07"	0.25125
"2009-09-08"	0.24938
"2009-09-09"	0.24588
"2009-09-10"	0.24375
"2009-09-11"	0.24338
"2009-09-14"	0.24125
"2009-09-15"	0.2425
"2009-09-16"	0.24375
"2009-09-17"	0.24625
"2009-09-18"	0.24625
"2009-09-21"	0.24625
"2009-09-22"	0.24625
"2009-09-23"	0.24625
"2009-09-24"	0.24625
"2009-09-25"	0.24625
"2009-09-28"	0.24625
"2009-09-29"	0.24625
"2009-09-30"	0.24563
"2009-10-01"	0.24563
"2009-10-02"	0.24438
"2009-10-05"	0.24438
"2009-10-06"	0.24438
"2009-10-07"	0.24438
"2009-10-08"	0.24438
"2009-10-09"	0.245
"2009-10-12"	0.24438
"2009-10-13"	0.245
"2009-10-14"	0.245
"2009-10-15"	0.245
"2009-10-16"	0.245
"2009-10-19"	0.245
"2009-10-20"	0.245
"2009-10-21"	0.24375
"2009-10-22"	0.24375
"2009-10-23"	0.24375
"2009-10-26"	0.24375
"2009-10-27"	0.2435
"2009-10-28"	0.24288
"2009-10-29"	0.2435
"2009-10-30"	0.2435
"2009-11-02"	0.24125
"2009-11-03"	0.24156
"2009-11-04"	0.24156
"2009-11-05"	0.24156
"2009-11-06"	0.24156
"2009-11-09"	0.23906
"2009-11-10"	0.23875
"2009-11-11"	0.23875
"2009-11-12"	0.23875
"2009-11-13"	0.2375
"2009-11-16"	0.2375
"2009-11-17"	0.23688
"2009-11-18"	0.23656
"2009-11-19"	0.23656
"2009-11-20"	0.23594
"2009-11-23"	0.23594
"2009-11-24"	0.23594
"2009-11-25"	0.23406
"2009-11-26"	0.23406
"2009-11-27"	0.23531
"2009-11-30"	0.23531
"2009-12-01"	0.23469
"2009-12-02"	0.23438
"2009-12-03"	0.23469
"2009-12-04"	0.23469
"2009-12-07"	0.23469
"2009-12-08"	0.23469
"2009-12-09"	0.23406
"2009-12-10"	0.23406
"2009-12-11"	0.23313
"2009-12-14"	0.2325
"2009-12-15"	0.2325
"2009-12-16"	0.2325
"2009-12-17"	0.23313
"2009-12-18"	0.23188
"2009-12-21"	0.23188
"2009-12-22"	0.23188
"2009-12-23"	0.23125
"2009-12-24"	0.23125
"2009-12-29"	0.23094
"2009-12-30"	0.23094
"2009-12-31"	0.23094
"2010-01-04"	0.23344
"2010-01-05"	0.23344
"2010-01-06"	0.23219
"2010-01-07"	0.23125
"2010-01-08"	0.23313
"2010-01-11"	0.23313
"2010-01-12"	0.23313
"2010-01-13"	0.23313
"2010-01-14"	0.23313
"2010-01-15"	0.23313
"2010-01-18"	0.23063
"2010-01-19"	0.23063
"2010-01-20"	0.23063
"2010-01-21"	0.23063
"2010-01-22"	0.23063
"2010-01-25"	0.23063
"2010-01-26"	0.23063
"2010-01-27"	0.23063
"2010-01-28"	0.22875
"2010-01-29"	0.22906
"2010-02-01"	0.22906
"2010-02-02"	0.23094
"2010-02-03"	0.22906
"2010-02-04"	0.22844
"2010-02-05"	0.22844
"2010-02-08"	0.22844
"2010-02-09"	0.22844
"2010-02-10"	0.22844
"2010-02-11"	0.23063
"2010-02-12"	0.23188
"2010-02-15"	0.22875
"2010-02-16"	0.22875
"2010-02-17"	0.22875
"2010-02-18"	0.22875
"2010-02-19"	0.22875
"2010-02-22"	0.22875
"2010-02-23"	0.22875
"2010-02-24"	0.22875
"2010-02-25"	0.22875
"2010-02-26"	0.22875
"2010-03-01"	0.22813
"2010-03-02"	0.22813
"2010-03-03"	0.22813
"2010-03-04"	0.22813
"2010-03-05"	0.22906
"2010-03-08"	0.23
"2010-03-09"	0.23
"2010-03-10"	0.23
"2010-03-11"	0.23
"2010-03-12"	0.23
"2010-03-15"	0.23031
"2010-03-16"	0.23563
"2010-03-17"	0.23744
"2010-03-18"	0.23975
"2010-03-19"	0.24506
"2010-03-22"	0.24719
"2010-03-23"	0.24606
"2010-03-24"	0.24619
"2010-03-25"	0.24694
"2010-03-26"	0.24688
"2010-03-29"	0.24788
"2010-03-30"	0.24863
"2010-03-31"	0.24863
"2010-04-01"	0.24863
"2010-04-06"	0.25075
"2010-04-07"	0.25138
"2010-04-08"	0.25013
"2010-04-09"	0.25288
"2010-04-12"	0.25298
"2010-04-13"	0.25438
"2010-04-14"	0.25594
"2010-04-15"	0.25625
"2010-04-16"	0.25563
"2010-04-19"	0.2575
"2010-04-20"	0.25875
"2010-04-21"	0.26063
"2010-04-22"	0.2625
"2010-04-23"	0.26438
"2010-04-26"	0.26469
"2010-04-27"	0.26672
"2010-04-28"	0.27313
"2010-04-29"	0.27766
"2010-04-30"	0.28
"2010-05-04"	0.28469
"2010-05-05"	0.29094
"2010-05-06"	0.29706
"2010-05-07"	0.34875
"2010-05-10"	0.34
"2010-05-11"	0.3375
"2010-05-12"	0.33813
"2010-05-13"	0.33688
"2010-05-14"	0.33775
"2010-05-17"	0.33894
"2010-05-18"	0.33969
"2010-05-19"	0.34106
"2010-05-20"	0.34131
"2010-05-21"	0.34281
"2010-05-24"	0.34525
"2010-05-25"	0.354
"2010-05-26"	0.35406
"2010-05-27"	0.35375
"2010-05-28"	0.35125
"2010-06-01"	0.35088
"2010-06-02"	0.35088
"2010-06-03"	0.35088
"2010-06-04"	0.35
"2010-06-07"	0.35
"2010-06-08"	0.35
"2010-06-09"	0.35031
"2010-06-10"	0.34969
"2010-06-11"	0.34969
"2010-06-14"	0.34969
"2010-06-15"	0.34969
"2010-06-16"	0.34844
"2010-06-17"	0.3475
"2010-06-18"	0.34734
"2010-06-21"	0.34719
"2010-06-22"	0.34719
"2010-06-23"	0.34719
"2010-06-24"	0.34719
"2010-06-25"	0.34719
"2010-06-28"	0.34719
"2010-06-29"	0.34563
"2010-06-30"	0.34844
"2010-07-01"	0.34719
"2010-07-02"	0.3475
"2010-07-05"	0.34625
"2010-07-06"	0.34625
"2010-07-07"	0.345
"2010-07-08"	0.3425
"2010-07-09"	0.34094
"2010-07-12"	0.34094
"2010-07-13"	0.34094
"2010-07-14"	0.34094
"2010-07-15"	0.34063
"2010-07-16"	0.33813
"2010-07-19"	0.33688
"2010-07-20"	0.3325
"2010-07-21"	0.33063
"2010-07-22"	0.32875
"2010-07-23"	0.32688
"2010-07-26"	0.325
"2010-07-27"	0.32063
"2010-07-28"	0.31563
"2010-07-29"	0.31156
"2010-07-30"	0.305
"2010-08-02"	0.30281
"2010-08-03"	0.3
"2010-08-04"	0.29531
"2010-08-05"	0.29469
"2010-08-06"	0.29344
"2010-08-09"	0.29
"2010-08-10"	0.28563
"2010-08-11"	0.27938
"2010-08-12"	0.27594
"2010-08-13"	0.27188
"2010-08-16"	0.26938
"2010-08-17"	0.26656
"2010-08-18"	0.26625
"2010-08-19"	0.26469
"2010-08-20"	0.26438
"2010-08-23"	0.26375
"2010-08-24"	0.26156
"2010-08-25"	0.26156
"2010-08-26"	0.26031
"2010-08-27"	0.25938
"2010-08-31"	0.25781
"2010-09-01"	0.25781
"2010-09-02"	0.25781
"2010-09-03"	0.25781
"2010-09-06"	0.25766
"2010-09-07"	0.25766
"2010-09-08"	0.25734
"2010-09-09"	0.25734
"2010-09-10"	0.25734
"2010-09-13"	0.25734
"2010-09-14"	0.25734
"2010-09-15"	0.25734
"2010-09-16"	0.25734
"2010-09-17"	0.2575
"2010-09-20"	0.25625
"2010-09-21"	0.25625
"2010-09-22"	0.25625
"2010-09-23"	0.25625
"2010-09-24"	0.25625
"2010-09-27"	0.25625
"2010-09-28"	0.25625
"2010-09-29"	0.25625
"2010-09-30"	0.25625
"2010-10-01"	0.25688
"2010-10-04"	0.25688
"2010-10-05"	0.25688
"2010-10-06"	0.25688
"2010-10-07"	0.25625
"2010-10-08"	0.25625
"2010-10-11"	0.25625
"2010-10-12"	0.25625
"2010-10-13"	0.25625
"2010-10-14"	0.25625
"2010-10-15"	0.25625
"2010-10-18"	0.25625
"2010-10-19"	0.25625
"2010-10-20"	0.25625
"2010-10-21"	0.25625
"2010-10-22"	0.25625
"2010-10-25"	0.25625
"2010-10-26"	0.25531
"2010-10-27"	0.25531
"2010-10-28"	0.25406
"2010-10-29"	0.25375
"2010-11-01"	0.25375
"2010-11-02"	0.25375
"2010-11-03"	0.25375
"2010-11-04"	0.25344
"2010-11-05"	0.25344
"2010-11-08"	0.25344
"2010-11-09"	0.25344
"2010-11-10"	0.25344
"2010-11-11"	0.25344
"2010-11-12"	0.25344
"2010-11-15"	0.25344
"2010-11-16"	0.25344
"2010-11-17"	0.25344
"2010-11-18"	0.25344
"2010-11-19"	0.25344
"2010-11-22"	0.25344
"2010-11-23"	0.25344
"2010-11-24"	0.25344
"2010-11-25"	0.255
"2010-11-26"	0.25625
"2010-11-29"	0.2575
"2010-11-30"	0.26063
"2010-12-01"	0.26531
"2010-12-02"	0.26563
"2010-12-03"	0.265
"2010-12-06"	0.265
"2010-12-07"	0.26375
"2010-12-08"	0.2625
"2010-12-09"	0.26219
"2010-12-10"	0.26031
"2010-12-13"	0.26031
"2010-12-14"	0.26063
"2010-12-15"	0.26063
"2010-12-16"	0.26063
"2010-12-17"	0.26063
"2010-12-20"	0.26063
"2010-12-21"	0.26063
"2010-12-22"	0.26063
"2010-12-23"	0.26063
"2010-12-24"	0.26063
"2010-12-29"	0.26063
"2010-12-30"	0.26063
"2010-12-31"	0.26063
"2011-01-04"	0.26063
"2011-01-05"	0.26125
"2011-01-06"	0.26125
"2011-01-07"	0.26125
"2011-01-10"	0.26125
"2011-01-11"	0.26125
"2011-01-12"	0.26125
"2011-01-13"	0.26125
"2011-01-14"	0.26125
"2011-01-17"	0.26125
"2011-01-18"	0.26063
"2011-01-19"	0.26
"2011-01-20"	0.26
"2011-01-21"	0.26
"2011-01-24"	0.26
"2011-01-25"	0.26
"2011-01-26"	0.26
"2011-01-27"	0.26
"2011-01-28"	0.26
"2011-01-31"	0.26
"2011-02-01"	0.263
"2011-02-02"	0.263
"2011-02-03"	0.263
"2011-02-04"	0.26275
"2011-02-07"	0.26375
"2011-02-08"	0.264
"2011-02-09"	0.264
"2011-02-10"	0.264
"2011-02-11"	0.26575
"2011-02-14"	0.26475
"2011-02-15"	0.264
"2011-02-16"	0.263
"2011-02-17"	0.263
"2011-02-18"	0.262
"2011-02-21"	0.262
"2011-02-22"	0.2615
"2011-02-23"	0.2615
"2011-02-24"	0.2615
"2011-02-25"	0.261
"2011-02-28"	0.261
"2011-03-01"	0.261
"2011-03-02"	0.26
"2011-03-03"	0.26
"2011-03-04"	0.26
"2011-03-07"	0.259
"2011-03-08"	0.258
"2011-03-09"	0.258
"2011-03-10"	0.2555
"2011-03-11"	0.255
"2011-03-14"	0.2535
"2011-03-15"	0.2535
"2011-03-16"	0.2535
"2011-03-17"	0.2535
"2011-03-18"	0.2535
"2011-03-21"	0.2525
"2011-03-22"	0.252
"2011-03-23"	0.2495
"2011-03-24"	0.24825
"2011-03-25"	0.24825
"2011-03-28"	0.24765
"2011-03-29"	0.24615
"2011-03-30"	0.2438
"2011-03-31"	0.24345
"2011-04-01"	0.24295
"2011-04-04"	0.2399
"2011-04-05"	0.2355
"2011-04-06"	0.2335
"2011-04-07"	0.23138
"2011-04-08"	0.2265
"2011-04-11"	0.2238
"2011-04-12"	0.2211
"2011-04-13"	0.21875
"2011-04-14"	0.21585
"2011-04-15"	0.21375
"2011-04-18"	0.21295
"2011-04-19"	0.2126
"2011-04-20"	0.2126
"2011-04-21"	0.2126
"2011-04-26"	0.21135
"2011-04-27"	0.2105
"2011-04-28"	0.21025
"2011-05-03"	0.2095
"2011-05-04"	0.209
"2011-05-05"	0.2062
"2011-05-06"	0.20385
"2011-05-09"	0.20185
"2011-05-10"	0.20025
"2011-05-11"	0.19875
"2011-05-12"	0.198
"2011-05-13"	0.1971
"2011-05-16"	0.197
"2011-05-17"	0.197
"2011-05-18"	0.19575
"2011-05-19"	0.19525
"2011-05-20"	0.19475
"2011-05-23"	0.194
"2011-05-24"	0.1927
"2011-05-25"	0.19235
"2011-05-26"	0.19125
"2011-05-27"	0.19103
"2011-05-31"	0.19043
"2011-06-01"	0.19043
"2011-06-02"	0.19018
"2011-06-03"	0.1898
"2011-06-06"	0.18955
"2011-06-07"	0.18955
"2011-06-08"	0.18955
"2011-06-09"	0.18955
"2011-06-10"	0.18855
"2011-06-13"	0.18705
"2011-06-14"	0.18555
"2011-06-15"	0.1853
"2011-06-16"	0.1858
"2011-06-17"	0.1858
"2011-06-20"	0.1858
"2011-06-21"	0.1858
"2011-06-22"	0.1858
"2011-06-23"	0.1858
"2011-06-24"	0.18555
"2011-06-27"	0.18555
"2011-06-28"	0.18555
"2011-06-29"	0.18555
"2011-06-30"	0.18555
"2011-07-01"	0.18505
"2011-07-04"	0.18505
"2011-07-05"	0.18505
"2011-07-06"	0.18525
"2011-07-07"	0.18575
"2011-07-08"	0.18575
"2011-07-11"	0.18575
"2011-07-12"	0.1865
"2011-07-13"	0.1865
"2011-07-14"	0.1865
"2011-07-15"	0.1865
"2011-07-18"	0.18625
"2011-07-19"	0.18625
"2011-07-20"	0.18725
"2011-07-21"	0.18725
"2011-07-22"	0.18725
"2011-07-25"	0.18725
"2011-07-26"	0.18725
"2011-07-27"	0.18725
"2011-07-28"	0.18825
"2011-07-29"	0.1911
"2011-08-01"	0.19206
"2011-08-02"	0.20083
"2011-08-03"	0.20556
"2011-08-04"	0.20506
"2011-08-05"	0.2055
"2011-08-08"	0.20578
"2011-08-09"	0.208
"2011-08-10"	0.20711
"2011-08-11"	0.20722
"2011-08-12"	0.20833
"2011-08-15"	0.21022
"2011-08-16"	0.21022
"2011-08-17"	0.21244
"2011-08-18"	0.213
"2011-08-19"	0.21544
"2011-08-22"	0.21678
"2011-08-23"	0.21839
"2011-08-24"	0.21894
"2011-08-25"	0.22083
"2011-08-26"	0.22094
"2011-08-30"	0.2215
"2011-08-31"	0.2215
"2011-09-01"	0.2215
"2011-09-02"	0.22178
"2011-09-05"	0.22439
"2011-09-06"	0.226
"2011-09-07"	0.22611
"2011-09-08"	0.225
"2011-09-09"	0.22611
"2011-09-12"	0.22861
"2011-09-13"	0.229
"2011-09-14"	0.22939
"2011-09-15"	0.22994
"2011-09-16"	0.2305
"2011-09-19"	0.23072
"2011-09-20"	0.23183
"2011-09-21"	0.2335
"2011-09-22"	0.23456
"2011-09-23"	0.23578
"2011-09-26"	0.23744
"2011-09-27"	0.23878
"2011-09-28"	0.23889
"2011-09-29"	0.23944
"2011-09-30"	0.23944
"2011-10-03"	0.24
"2011-10-04"	0.24111
"2011-10-05"	0.24067
"2011-10-06"	0.24233
"2011-10-07"	0.24289
"2011-10-10"	0.243
"2011-10-11"	0.24311
"2011-10-12"	0.24322
"2011-10-13"	0.24333
"2011-10-14"	0.24333
"2011-10-17"	0.24444
"2011-10-18"	0.24472
"2011-10-19"	0.24472
"2011-10-20"	0.24472
"2011-10-21"	0.24472
"2011-10-24"	0.24472
"2011-10-25"	0.24472
"2011-10-26"	0.24583
"2011-10-27"	0.24583
"2011-10-28"	0.24583
"2011-10-31"	0.24528
"2011-11-01"	0.24528
"2011-11-02"	0.24528
"2011-11-03"	0.2475
"2011-11-04"	0.2475
"2011-11-07"	0.24778
"2011-11-08"	0.24778
"2011-11-09"	0.24778
"2011-11-10"	0.24789
"2011-11-11"	0.249
"2011-11-14"	0.25022
"2011-11-15"	0.25172
"2011-11-16"	0.25172
"2011-11-17"	0.25478
"2011-11-18"	0.25656
"2011-11-21"	0.25667
"2011-11-22"	0.25722
"2011-11-23"	0.25722
"2011-11-24"	0.25722
"2011-11-25"	0.25944
"2011-11-28"	0.26
"2011-11-29"	0.27022
"2011-11-30"	0.27144
"2011-12-01"	0.27144
"2011-12-02"	0.27033
"2011-12-05"	0.2741
"2011-12-06"	0.27505
"2011-12-07"	0.2763
"2011-12-08"	0.2763
"2011-12-09"	0.27655
"2011-12-12"	0.27755
"2011-12-13"	0.2783
"2011-12-14"	0.28255
"2011-12-15"	0.2846
"2011-12-16"	0.28485
"2011-12-19"	0.28735
"2011-12-20"	0.2906
"2011-12-21"	0.29185
"2011-12-22"	0.2936
"2011-12-23"	0.29395
"2011-12-28"	0.2963
"2011-12-29"	0.2953
"2011-12-30"	0.2953
"2012-01-03"	0.2953
"2012-01-04"	0.2953
"2012-01-05"	0.2953
"2012-01-06"	0.2963
"2012-01-09"	0.2963
"2012-01-10"	0.2958
"2012-01-11"	0.2947
"2012-01-12"	0.2896
"2012-01-13"	0.2851
"2012-01-16"	0.2816
"2012-01-17"	0.281
"2012-01-18"	0.2809
"2012-01-19"	0.2789
"2012-01-20"	0.2773
"2012-01-23"	0.2763
"2012-01-24"	0.2753
"2012-01-25"	0.2728
"2012-01-26"	0.2705
"2012-01-27"	0.27
"2012-01-30"	0.26775
"2012-01-31"	0.26475
